,message
0,8
1,2
2,3
3,14
4,8
5,3
6,4
7,7
8,6
9,15
10,6
11,7
12,18
13,8
14,10
15,26
16,18
17,7
18,5
19,6
20,9
21,4
22,6
23,7
24,16
25,3
26,12
27,10
28,8
29,15
30,10
31,12
32,9
33,15
34,8
35,14
36,5
37,8
38,6
39,24
40,11
41,6
42,4
43,8
44,4
45,12
46,18
47,5
48,16
49,10
50,6
51,11
52,11
53,6
54,22
55,9
56,19
57,4
58,8
59,8
60,7
61,7
62,7
63,6
64,11
65,8
66,5
67,14
68,7
69,11
70,14
71,12
72,11
73,16
74,7
75,6
76,25
77,15
78,10
79,6
80,21
81,17
82,13
83,12
84,5
85,10
86,11
87,7
88,26
89,15
90,7
91,25
92,8
93,9
94,13
95,10
96,4
97,6
98,10
99,18
100,25
101,20
102,10
103,14
104,5
105,18
106,18
107,11
108,19
109,11
110,13
111,7
112,15
113,6
114,12
115,6
116,12
117,10
118,10
119,3
120,14
121,11
122,21
123,6
124,8
125,25
126,7
127,19
128,11
129,8
130,14
131,9
132,5
133,14
134,6
135,16
136,11
137,6
138,14
139,8
140,17
141,6
142,9
143,11
144,6
145,6
146,5
147,15
148,7
149,10
150,9
151,10
152,13
153,11
154,19
155,5
156,16
157,8
158,20
159,6
160,3
161,13
162,13
163,15
164,18
165,9
166,19
167,6
168,12
169,11
170,20
171,11
172,20
173,22
174,17
175,6
176,4
177,3
178,20
179,19
180,16
181,7
182,10
183,9
184,13
185,13
186,11
187,8
188,17
189,9
190,9
191,13
192,19
193,11
194,9
195,12
196,18
197,23
198,16
199,20
200,3
201,4
202,17
203,13
204,24
205,17
206,19
207,20
208,14
209,17
210,16
211,17
212,9
213,25
214,16
215,14
216,14
217,9
218,19
219,31
220,12
221,6
222,21
223,25
224,20
225,19
226,4
227,15
228,18
229,15
230,10
231,9
232,6
233,7
234,10
235,8
236,5
237,9
238,17
239,10
240,15
241,9
242,13
243,5
244,16
245,11
246,10
247,10
248,4
249,13
250,13
251,12
252,11
253,6
254,5
255,5
256,6
257,10
258,12
259,7
260,6
261,9
262,12
263,13
264,13
265,18
266,18
267,11
268,5
269,15
270,10
271,29
272,14
273,15
274,6
275,8
276,11
277,8
278,7
279,15
280,12
281,10
282,15
283,11
284,21
285,12
286,14
287,20
288,8
289,5
290,11
291,13
292,10
293,20
294,17
295,13
296,7
297,7
298,19
299,6
300,9
301,5
302,8
303,10
304,4
305,24
306,20
307,19
308,10
309,10
310,10
311,24
312,17
313,5
314,11
315,14
316,14
317,7
318,6
319,18
320,13
321,21
322,16
323,9
324,6
325,17
326,10
327,17
328,25
329,10
330,23
331,15
332,13
333,4
334,13
335,4
336,8
337,18
338,29
339,4
340,18
341,21
342,15
343,5
344,18
345,16
346,14
347,8
348,4
349,26
350,19
351,6
352,18
353,6
354,9
355,13
356,4
357,15
358,25
359,11
360,9
361,30
362,21
363,34
364,6
365,7
366,8
367,6
368,6
369,18
370,8
371,17
372,8
373,15
374,34
375,12
376,4
377,15
378,15
379,28
380,14
381,4
382,12
383,15
384,13
385,8
386,15
387,12
388,20
389,9
390,10
391,10
392,9
393,16
394,10
395,5
396,26
397,25
398,15
399,9
400,36
401,32
402,10
403,11
404,6
405,15
406,11
407,7
408,9
409,9
410,8
411,12
412,8
413,6
414,18
415,5
416,13
417,14
418,9
419,9
420,9
421,4
422,12
423,17
424,8
425,9
426,20
427,14
428,8
429,5
430,11
431,20
432,7
433,15
434,8
435,8
436,14
437,16
438,17
439,12
440,13
441,7
442,19
443,9
444,6
445,11
446,10
447,9
448,15
449,13
450,3
451,4
452,11
453,10
454,6
455,10
456,11
457,17
458,3
459,6
460,6
461,18
462,9
463,6
464,7
465,5
466,12
467,17
468,15
469,15
470,5
471,12
472,14
473,17
474,9
475,7
476,13
477,5
478,13
479,6
480,20
481,4
482,14
483,14
484,6
485,23
486,11
487,8
488,11
489,8
490,17
491,16
492,16
493,14
494,17
495,5
496,14
497,7
498,17
499,11
500,6
501,4
502,6
503,12
504,11
505,14
506,15
507,12
508,26
509,10
510,12
511,9
512,4
513,14
514,14
515,14
516,10
517,21
518,24
519,4
520,7
521,11
522,8
523,12
524,14
525,19
526,18
527,8
528,24
529,13
530,18
531,5
532,12
533,14
534,10
535,5
536,6
537,13
538,8
539,13
540,6
541,10
542,10
543,10
544,4
545,14
546,4
547,4
548,6
549,4
550,8
551,7
552,19
553,21
554,15
555,9
556,19
557,17
558,27
559,14
560,11
561,18
562,6
563,15
564,18
565,14
566,24
567,26
568,25
569,13
570,17
571,19
572,8
573,12
574,6
575,17
576,21
577,8
578,12
579,13
580,6
581,7
582,12
583,4
584,23
585,10
586,10
587,22
588,13
589,27
590,5
591,7
592,8
593,18
594,13
595,9
596,6
597,5
598,7
599,12
600,6
601,16
602,8
603,14
604,12
605,29
606,16
607,6
608,13
609,18
610,11
611,4
612,17
613,5
614,15
615,4
616,15
617,12
618,11
619,8
620,14
621,3
622,9
623,9
624,6
625,12
626,8
627,13
628,15
629,15
630,14
631,6
632,12
633,7
634,31
635,4
636,9
637,7
638,7
639,21
640,4
641,4
642,14
643,66
644,11
645,16
646,9
647,9
648,11
649,15
650,16
651,10
652,7
653,11
654,11
655,7
656,9
657,8
658,34
659,21
660,14
661,6
662,6
663,15
664,4
665,9
666,11
667,14
668,20
669,12
670,19
671,5
672,8
673,15
674,7
675,9
676,10
677,16
678,9
679,6
680,8
681,4
682,21
683,6
684,5
685,3
686,5
687,9
688,10
689,7
690,16
691,14
692,18
693,8
694,27
695,14
696,10
697,7
698,8
699,21
700,27
701,8
702,14
703,14
704,8
705,7
706,13
707,6
708,15
709,4
710,9
711,12
712,14
713,18
714,10
715,5
716,16
717,5
718,8
719,10
720,13
721,15
722,5
723,9
724,17
725,9
726,7
727,10
728,14
729,7
730,7
731,22
732,6
733,10
734,10
735,7
736,6
737,10
738,5
739,4
740,10
741,11
742,12
743,7
744,10
745,14
746,16
747,18
748,8
749,22
750,11
751,11
752,6
753,23
754,20
755,10
756,9
757,22
758,8
759,17
760,9
761,13
762,7
763,15
764,12
765,19
766,8
767,9
768,12
769,12
770,8
771,9
772,8
773,10
774,18
775,4
776,4
777,8
778,19
779,9
780,20
781,14
782,21
783,13
784,15
785,7
786,21
787,20
788,7
789,21
790,10
791,7
792,17
793,12
794,8
795,3
796,11
797,12
798,4
799,13
800,7
801,9
802,7
803,7
804,7
805,18
806,18
807,12
808,15
809,8
810,9
811,9
812,17
813,4
814,8
815,12
816,9
817,16
818,11
819,30
820,10
821,25
822,16
823,10
824,11
825,17
826,9
827,6
828,22
829,15
830,19
831,16
832,11
833,9
834,13
835,7
836,14
837,20
838,17
839,21
840,14
841,9
842,17
843,10
844,6
845,6
846,6
847,13
848,14
849,21
850,13
851,8
852,15
853,6
854,12
855,7
856,27
857,6
858,11
859,18
860,12
861,8
862,8
863,11
864,10
865,5
866,18
867,13
868,21
869,17
870,7
871,6
872,15
873,15
874,24
875,23
876,7
877,4
878,15
879,16
880,10
881,15
882,26
883,10
884,15
885,11
886,7
887,12
888,16
889,11
890,17
891,15
892,10
893,3
894,15
895,8
896,10
897,17
898,21
899,6
900,15
901,6
902,21
903,3
904,5
905,15
906,10
907,5
908,16
909,6
910,4
911,38
912,16
913,24
914,14
915,7
916,14
917,9
918,13
919,26
920,7
921,14
922,14
923,16
924,10
925,7
926,8
927,11
928,17
929,13
930,4
931,12
932,7
933,11
934,7
935,13
936,18
937,5
938,16
939,8
940,20
941,7
942,19
943,14
944,13
945,12
946,7
947,6
948,17
949,8
950,17
951,12
952,19
953,6
954,12
955,9
956,6
957,11
958,5
959,11
960,4
961,14
962,18
963,4
964,5
965,3
966,11
967,5
968,20
969,18
970,8
971,6
972,5
973,11
974,7
975,14
976,12
977,4
978,16
979,17
980,9
981,9
982,15
983,7
984,15
985,9
986,12
987,8
988,7
989,14
990,3
991,7
992,9
993,10
994,6
995,10
996,8
997,15
998,13
999,19
1000,14
1001,12
1002,4
1003,7
1004,18
1005,16
1006,10
1007,8
1008,15
1009,22
1010,5
1011,16
1012,10
1013,15
1014,18
1015,21
1016,14
1017,19
1018,19
1019,10
1020,7
1021,10
1022,11
1023,11
1024,16
1025,9
1026,10
1027,4
1028,13
1029,13
1030,11
1031,13
1032,13
1033,17
1034,17
1035,10
1036,8
1037,19
1038,4
1039,17
1040,6
1041,11
1042,16
1043,16
1044,19
1045,21
1046,14
1047,11
1048,19
1049,12
1050,11
1051,5
1052,14
1053,4
1054,10
1055,10
1056,5
1057,15
1058,9
1059,6
1060,8
1061,12
1062,22
1063,5
1064,7
1065,6
1066,11
1067,10
1068,16
1069,9
1070,12
1071,8
1072,5
1073,4
1074,16
1075,18
1076,11
1077,8
1078,9
1079,17
1080,14
1081,10
1082,14
1083,17
1084,17
1085,7
1086,7
1087,2
1088,21
1089,18
1090,11
1091,7
1092,10
1093,6
1094,8
1095,27
1096,22
1097,8
1098,6
1099,6
1100,19
1101,5
1102,5
1103,10
1104,4
1105,17
1106,17
1107,9
1108,14
1109,8
1110,11
1111,17
1112,10
1113,17
1114,7
1115,2
1116,11
1117,5
1118,5
1119,3
1120,3
1121,11
1122,4
1123,10
1124,9
1125,7
1126,10
1127,13
1128,10
1129,6
1130,13
1131,18
1132,13
1133,6
1134,13
1135,10
1136,3
1137,11
1138,7
1139,15
1140,15
1141,15
1142,10
1143,19
1144,9
1145,13
1146,6
1147,6
1148,10
1149,6
1150,7
1151,8
1152,19
1153,6
1154,8
1155,12
1156,8
1157,7
1158,8
1159,10
1160,5
1161,7
1162,10
1163,11
1164,9
1165,20
1166,7
1167,15
1168,8
1169,18
1170,15
1171,4
1172,11
1173,5
1174,8
1175,5
1176,15
1177,6
1178,5
1179,18
1180,20
1181,7
1182,16
1183,8
1184,6
1185,10
1186,18
1187,10
1188,13
1189,8
1190,5
1191,18
1192,26
1193,8
1194,8
1195,10
1196,11
1197,13
1198,8
1199,14
1200,7
1201,7
1202,4
1203,7
1204,4
1205,10
1206,11
1207,7
1208,8
1209,10
1210,28
1211,9
1212,10
1213,8
1214,13
1215,13
1216,14
1217,5
1218,8
1219,5
1220,7
1221,4
1222,6
1223,14
1224,12
1225,21
1226,6
1227,8
1228,6
1229,7
1230,9
1231,10
1232,14
1233,11
1234,8
1235,25
1236,20
1237,14
1238,18
1239,6
1240,11
1241,9
1242,14
1243,10
1244,16
1245,10
1246,15
1247,7
1248,8
1249,15
1250,12
1251,15
1252,17
1253,7
1254,15
1255,6
1256,9
1257,20
1258,7
1259,6
1260,6
1261,17
1262,7
1263,9
1264,14
1265,15
1266,15
1267,18
1268,17
1269,11
1270,33
1271,14
1272,18
1273,11
1274,9
1275,4
1276,4
1277,11
1278,13
1279,10
1280,19
1281,5
1282,20
1283,14
1284,17
1285,6
1286,7
1287,7
1288,11
1289,7
1290,5
1291,10
1292,11
1293,8
1294,11
1295,17
1296,6
1297,8
1298,8
1299,6
1300,14
1301,17
1302,15
1303,18
1304,6
1305,10
1306,9
1307,7
1308,16
1309,18
1310,19
1311,3
1312,11
1313,7
1314,7
1315,9
1316,4
1317,16
1318,5
1319,8
1320,12
1321,4
1322,5
1323,5
1324,5
1325,18
1326,20
1327,43
1328,6
1329,7
1330,4
1331,8
1332,5
1333,4
1334,8
1335,17
1336,5
1337,3
1338,9
1339,4
1340,6
1341,11
1342,5
1343,12
1344,7
1345,10
1346,6
1347,4
1348,5
1349,6
1350,14
1351,6
1352,6
1353,17
1354,8
1355,20
1356,7
1357,5
1358,20
1359,19
1360,5
1361,13
1362,27
1363,8
1364,16
1365,10
1366,6
1367,6
1368,5
1369,7
1370,10
1371,4
1372,4
1373,5
1374,8
1375,5
1376,6
1377,3
1378,5
1379,10
1380,6
1381,6
1382,5
1383,22
1384,6
1385,7
1386,13
1387,11
1388,7
1389,11
1390,2
1391,10
1392,10
1393,6
1394,5
1395,8
1396,13
1397,7
1398,8
1399,11
1400,7
1401,4
1402,6
1403,8
1404,7
1405,5
1406,12
1407,7
1408,5
1409,11
1410,5
1411,22
1412,20
1413,10
1414,7
1415,17
1416,12
1417,7
1418,4
1419,6
1420,19
1421,5
1422,6
1423,5
1424,16
1425,20
1426,7
1427,3
1428,13
1429,18
1430,8
1431,13
1432,6
1433,8
1434,13
1435,7
1436,7
1437,11
1438,11
1439,14
1440,6
1441,5
1442,8
1443,6
1444,5
1445,4
1446,6
1447,6
1448,4
1449,8
1450,11
1451,8
1452,6
1453,15
1454,14
1455,10
1456,10
1457,3
1458,9
1459,5
1460,10
1461,11
1462,6
1463,8
1464,7
1465,12
1466,8
1467,12
1468,14
1469,6
1470,7
1471,19
1472,18
1473,7
1474,16
1475,13
1476,15
1477,16
1478,13
1479,4
1480,16
1481,8
1482,8
1483,13
1484,10
1485,3
1486,6
1487,16
1488,12
1489,16
1490,5
1491,7
1492,17
1493,4
1494,22
1495,22
1496,15
1497,19
1498,7
1499,6
1500,4
1501,13
1502,16
1503,9
1504,25
1505,19
1506,15
1507,18
1508,6
1509,3
1510,8
1511,8
1512,18
1513,9
1514,14
1515,4
1516,3
1517,13
1518,19
1519,5
1520,13
1521,9
1522,17
1523,9
1524,7
1525,12
1526,15
1527,13
1528,11
1529,11
1530,5
1531,13
1532,16
1533,7
1534,5
1535,4
1536,4
1537,6
1538,9
1539,8
1540,5
1541,4
1542,8
1543,4
1544,13
1545,8
1546,13
1547,9
1548,16
1549,11
1550,11
1551,13
1552,10
1553,8
1554,5
1555,18
1556,4
1557,7
1558,5
1559,5
1560,18
1561,6
1562,5
1563,6
1564,9
1565,5
1566,13
1567,5
1568,5
1569,3
1570,7
1571,3
1572,12
1573,4
1574,14
1575,11
1576,17
1577,15
1578,11
1579,6
1580,6
1581,5
1582,6
1583,5
1584,12
1585,15
1586,17
1587,9
1588,6
1589,18
1590,16
1591,11
1592,15
1593,7
1594,22
1595,5
1596,5
1597,6
1598,8
1599,8
1600,6
1601,15
1602,8
1603,9
1604,5
1605,10
1606,14
1607,9
1608,12
1609,14
1610,14
1611,4
1612,8
1613,13
1614,6
1615,13
1616,8
1617,5
1618,7
1619,2
1620,8
1621,10
1622,4
1623,8
1624,8
1625,6
1626,3
1627,9
1628,23
1629,9
1630,4
1631,7
1632,9
1633,6
1634,10
1635,18
1636,4
1637,20
1638,10
1639,5
1640,8
1641,5
1642,15
1643,16
1644,9
1645,8
1646,10
1647,9
1648,13
1649,8
1650,7
1651,16
1652,14
1653,8
1654,19
1655,16
1656,11
1657,5
1658,6
1659,15
1660,8
1661,9
1662,14
1663,13
1664,12
1665,10
1666,14
1667,16
1668,16
1669,20
1670,3
1671,15
1672,12
1673,7
1674,18
1675,20
1676,15
1677,10
1678,14
1679,5
1680,16
1681,14
1682,9
1683,16
1684,6
1685,16
1686,13
1687,11
1688,4
1689,9
1690,16
1691,3
1692,5
1693,3
1694,7
1695,7
1696,3
1697,8
1698,10
1699,5
1700,10
1701,7
1702,8
1703,4
1704,4
1705,4
1706,3
1707,7
1708,4
1709,7
1710,6
1711,4
1712,3
1713,5
1714,8
1715,8
1716,13
1717,8
1718,10
1719,9
1720,8
1721,7
1722,5
1723,11
1724,8
1725,8
1726,10
1727,5
1728,16
1729,11
1730,15
1731,7
1732,7
1733,19
1734,10
1735,8
1736,7
1737,7
1738,8
1739,14
1740,7
1741,7
1742,5
1743,10
1744,3
1745,7
1746,5
1747,6
1748,6
1749,5
1750,8
1751,4
1752,7
1753,9
1754,4
1755,6
1756,16
1757,6
1758,5
1759,7
1760,11
1761,5
1762,8
1763,10
1764,21
1765,6
1766,19
1767,7
1768,7
1769,4
1770,9
1771,12
1772,7
1773,8
1774,17
1775,15
1776,20
1777,8
1778,8
1779,18
1780,9
1781,8
1782,7
1783,6
1784,7
1785,9
1786,8
1787,9
1788,6
1789,20
1790,19
1791,9
1792,12
1793,14
1794,5
1795,10
1796,16
1797,9
1798,10
1799,10
1800,3
1801,5
1802,18
1803,7
1804,23
1805,15
1806,17
1807,10
1808,21
1809,5
1810,7
1811,12
1812,5
1813,8
1814,10
1815,11
1816,15
1817,9
1818,27
1819,19
1820,10
1821,13
1822,8
1823,3
1824,10
1825,8
1826,15
1827,12
1828,9
1829,12
1830,19
1831,11
1832,19
1833,6
1834,23
1835,4
1836,6
1837,12
1838,14
1839,7
1840,11
1841,7
1842,5
1843,8
1844,5
1845,8
1846,8
1847,6
1848,7
1849,5
1850,14
1851,7
1852,16
1853,10
1854,6
1855,21
1856,16
1857,5
1858,11
1859,15
1860,8
1861,9
1862,11
1863,17
1864,4
1865,14
1866,3
1867,17
1868,3
1869,11
1870,14
1871,8
1872,16
1873,16
1874,6
1875,3
1876,10
1877,7
1878,9
1879,6
1880,7
1881,4
1882,15
1883,8
1884,3
1885,18
1886,22
1887,18
1888,6
1889,17
1890,19
1891,7
1892,7
1893,8
1894,8
1895,7
1896,8
1897,11
1898,10
1899,3
1900,11
1901,4
1902,4
1903,7
1904,8
1905,12
1906,11
1907,4
1908,6
1909,13
1910,9
1911,21
1912,8
1913,21
1914,19
1915,4
1916,16
1917,5
1918,9
1919,25
1920,12
1921,12
1922,20
1923,9
1924,16
1925,14
1926,6
1927,12
1928,6
1929,6
1930,2
1931,12
1932,7
1933,9
1934,5
1935,9
1936,5
1937,2
1938,14
1939,13
1940,5
1941,5
1942,8
1943,7
1944,7
1945,8
1946,7
1947,12
1948,9
1949,17
1950,3
1951,18
1952,4
1953,6
1954,9
1955,5
1956,8
1957,8
1958,5
1959,13
1960,6
1961,5
1962,4
1963,4
1964,9
1965,7
1966,8
1967,4
1968,9
1969,11
1970,15
1971,17
1972,11
1973,14
1974,11
1975,6
1976,5
1977,7
1978,8
1979,11
1980,21
1981,4
1982,6
1983,6
1984,11
1985,8
1986,20
1987,12
1988,5
1989,8
1990,5
1991,7
1992,4
1993,10
1994,6
1995,10
1996,5
1997,5
1998,10
1999,8
2000,10
2001,12
2002,7
2003,15
2004,12
2005,12
2006,6
2007,10
2008,8
2009,20
2010,9
2011,7
2012,4
2013,2
2014,3
2015,11
2016,3
2017,27
2018,6
2019,14
2020,16
2021,8
2022,12
2023,10
2024,20
2025,9
2026,6
2027,6
2028,9
2029,10
2030,18
2031,13
2032,7
2033,10
2034,11
2035,5
2036,7
2037,6
2038,16
2039,11
2040,12
2041,12
2042,8
2043,12
2044,3
2045,19
2046,17
2047,7
2048,10
2049,20
2050,16
2051,15
2052,5
2053,4
2054,7
2055,13
2056,5
2057,15
2058,14
2059,16
2060,19
2061,13
2062,13
2063,9
2064,9
2065,14
2066,16
2067,19
2068,7
2069,18
2070,10
2071,7
2072,5
2073,14
2074,22
2075,26
2076,32
2077,4
2078,17
2079,14
2080,18
2081,16
2082,16
2083,6
2084,15
2085,3
2086,14
2087,9
2088,3
2089,6
2090,9
2091,16
2092,7
2093,16
2094,6
2095,7
2096,7
2097,17
2098,4
2099,19
2100,7
2101,5
2102,7
2103,11
2104,10
2105,17
2106,13
2107,6
2108,12
2109,22
2110,13
2111,8
2112,9
2113,8
2114,10
2115,10
2116,14
2117,5
2118,11
2119,20
2120,19
2121,17
2122,13
2123,6
2124,7
2125,17
2126,6
2127,15
2128,14
2129,5
2130,7
2131,12
2132,6
2133,11
2134,10
2135,5
2136,14
2137,18
2138,5
2139,14
2140,5
2141,7
2142,17
2143,17
2144,4
2145,19
2146,4
2147,8
2148,5
2149,13
2150,8
2151,7
2152,5
2153,4
2154,4
2155,14
2156,4
2157,14
2158,13
2159,17
2160,8
2161,10
2162,6
2163,15
2164,11
2165,15
2166,4
2167,13
2168,12
2169,4
2170,9
2171,20
2172,23
2173,10
2174,10
2175,3
2176,27
2177,11
2178,17
2179,3
2180,9
2181,7
2182,7
2183,13
2184,5
2185,9
2186,9
2187,17
2188,22
2189,12
2190,10
2191,15
2192,6
2193,6
2194,5
2195,10
2196,19
2197,24
2198,13
2199,13
2200,15
2201,8
2202,22
2203,6
2204,7
2205,9
2206,9
2207,10
2208,9
2209,21
2210,12
2211,6
2212,7
2213,12
2214,5
2215,7
2216,11
2217,23
2218,5
2219,11
2220,7
2221,14
2222,19
2223,9
2224,7
2225,13
2226,10
2227,17
2228,16
2229,17
2230,6
2231,5
2232,4
2233,11
2234,10
2235,7
2236,18
2237,6
2238,4
2239,6
2240,16
2241,5
2242,3
2243,4
2244,6
2245,7
2246,5
2247,7
2248,11
2249,3
2250,14
2251,15
2252,8
2253,7
2254,6
2255,4
2256,15
2257,7
2258,5
2259,6
2260,10
2261,23
2262,14
2263,7
2264,12
2265,10
2266,11
2267,7
2268,7
2269,13
2270,11
2271,9
2272,5
2273,6
2274,13
2275,13
2276,13
2277,14
2278,6
2279,9
2280,8
2281,8
2282,19
2283,9
2284,13
2285,10
2286,6
2287,12
2288,12
2289,13
2290,18
2291,12
2292,14
2293,20
2294,10
2295,8
2296,7
2297,4
2298,3
2299,9
2300,14
2301,7
2302,14
2303,19
2304,7
2305,5
2306,22
2307,3
2308,13
2309,11
2310,5
2311,5
2312,8
2313,10
2314,20
2315,9
2316,5
2317,2
2318,6
2319,6
2320,12
2321,5
2322,10
2323,7
2324,7
2325,11
2326,16
2327,18
2328,5
2329,11
2330,17
2331,16
2332,15
2333,10
2334,12
2335,5
2336,9
2337,16
2338,4
2339,12
2340,7
2341,11
2342,8
2343,16
2344,12
2345,18
2346,13
2347,4
2348,11
2349,19
2350,7
2351,13
2352,13
2353,12
2354,14
2355,7
2356,6
2357,19
2358,10
2359,18
2360,15
2361,6
2362,7
2363,6
2364,17
2365,6
2366,15
2367,25
2368,5
2369,9
2370,6
2371,14
2372,5
2373,14
2374,28
2375,5
2376,12
2377,10
2378,14
2379,11
2380,17
2381,8
2382,20
2383,17
2384,9
2385,20
2386,20
2387,8
2388,13
2389,7
2390,6
2391,10
2392,22
2393,12
2394,10
2395,11
2396,11
2397,14
2398,7
2399,6
2400,7
2401,10
2402,6
2403,6
2404,16
2405,20
2406,6
2407,6
2408,8
2409,10
2410,4
2411,12
2412,6
2413,26
2414,19
2415,22
2416,15
2417,5
2418,4
2419,7
2420,9
2421,14
2422,5
2423,5
2424,12
2425,17
2426,13
2427,5
2428,9
2429,14
2430,20
2431,13
2432,9
2433,7
2434,7
2435,10
2436,6
2437,4
2438,5
2439,14
2440,15
2441,6
2442,5
2443,16
2444,13
2445,5
2446,5
2447,5
2448,11
2449,30
2450,7
2451,11
2452,7
2453,15
2454,11
2455,9
2456,14
2457,6
2458,17
2459,11
2460,9
2461,6
2462,5
2463,4
2464,12
2465,4
2466,11
2467,15
2468,6
2469,10
2470,5
2471,15
2472,5
2473,6
2474,8
2475,12
2476,20
2477,8
2478,9
2479,15
2480,4
2481,13
2482,6
2483,6
2484,10
2485,3
2486,4
2487,7
2488,9
2489,5
2490,25
2491,10
2492,11
2493,11
2494,19
2495,13
2496,3
2497,10
2498,5
2499,15
2500,4
2501,6
2502,14
2503,16
2504,10
2505,9
2506,4
2507,11
2508,6
2509,6
2510,4
2511,5
2512,7
2513,17
2514,17
2515,12
2516,16
2517,5
2518,7
2519,6
2520,9
2521,11
2522,9
2523,9
2524,17
2525,6
2526,14
2527,10
2528,17
2529,8
2530,5
2531,17
2532,15
2533,6
2534,2
2535,12
2536,8
2537,22
2538,8
2539,12
2540,15
2541,8
2542,10
2543,4
2544,10
2545,2
2546,13
2547,9
2548,8
2549,12
2550,5
2551,11
2552,15
2553,8
2554,7
2555,7
2556,9
2557,17
2558,8
2559,16
2560,4
2561,8
2562,8
2563,11
2564,17
2565,7
2566,7
2567,4
2568,20
2569,13
2570,7
2571,6
2572,5
2573,8
2574,12
2575,9
2576,12
2577,5
2578,20
2579,13
2580,22
2581,7
2582,3
2583,12
2584,16
2585,8
2586,5
2587,6
2588,4
2589,4
2590,4
2591,9
2592,6
2593,8
2594,10
2595,13
2596,10
2597,11
2598,14
2599,11
2600,7
2601,12
2602,8
2603,12
2604,5
2605,8
2606,17
2607,12
2608,5
2609,7
2610,5
2611,3
2612,9
2613,9
2614,10
2615,2
2616,10
2617,10
2618,22
2619,6
2620,7
2621,18
2622,16
2623,8
2624,7
2625,14
2626,9
2627,11
2628,5
2629,5
2630,11
2631,7
2632,5
2633,4
2634,5
2635,8
2636,6
2637,4
2638,16
2639,3
2640,12
2641,12
2642,11
2643,4
2644,13
2645,9
2646,8
2647,2
2648,16
2649,12
2650,3
2651,3
2652,6
2653,10
2654,7
2655,13
2656,7
2657,4
2658,20
2659,10
2660,4
2661,14
2662,5
2663,10
2664,7
2665,7
2666,5
2667,6
2668,3
2669,11
2670,7
2671,19
2672,10
2673,9
2674,4
2675,17
2676,16
2677,4
2678,18
2679,8
2680,15
2681,7
2682,15
2683,11
2684,10
2685,8
2686,13
2687,4
2688,6
2689,15
2690,17
2691,9
2692,5
2693,7
2694,9
2695,16
2696,10
2697,6
2698,12
2699,14
2700,7
2701,13
2702,10
2703,13
2704,10
2705,16
2706,13
2707,6
2708,19
2709,9
2710,11
2711,12
2712,8
2713,11
2714,9
2715,16
2716,9
2717,9
2718,9
2719,8
2720,17
2721,13
2722,17
2723,23
2724,16
2725,11
2726,7
2727,15
2728,9
2729,8
2730,17
2731,8
2732,7
2733,12
2734,5
2735,10
2736,13
2737,3
2738,6
2739,7
2740,9
2741,5
2742,8
2743,8
2744,7
2745,12
2746,7
2747,17
2748,9
2749,8
2750,5
2751,3
2752,11
2753,17
2754,7
2755,3
2756,11
2757,13
2758,16
2759,5
2760,6
2761,4
2762,7
2763,10
2764,6
2765,13
2766,26
2767,5
2768,15
2769,8
2770,8
2771,6
2772,7
2773,4
2774,8
2775,23
2776,10
2777,5
2778,4
2779,18
2780,7
2781,6
2782,5
2783,22
2784,6
2785,11
2786,13
2787,7
2788,6
2789,18
2790,15
2791,8
2792,15
2793,5
2794,11
2795,5
2796,12
2797,7
2798,12
2799,12
2800,12
2801,10
2802,10
2803,10
2804,14
2805,11
2806,17
2807,8
2808,11
2809,9
2810,24
2811,18
2812,17
2813,9
2814,6
2815,5
2816,9
2817,22
2818,10
2819,16
2820,19
2821,18
2822,4
2823,8
2824,6
2825,11
2826,14
2827,17
2828,11
2829,7
2830,21
2831,5
2832,12
2833,8
2834,10
2835,9
2836,18
2837,20
2838,14
2839,8
2840,6
2841,8
2842,48
2843,6
2844,14
2845,8
2846,6
2847,10
2848,9
2849,21
2850,7
2851,11
2852,18
2853,18
2854,17
2855,12
2856,8
2857,8
2858,10
2859,5
2860,6
2861,10
2862,28
2863,5
2864,10
2865,6
2866,8
2867,16
2868,9
2869,11
2870,20
2871,18
2872,16
2873,15
2874,10
2875,6
2876,9
2877,11
2878,7
2879,10
2880,19
2881,23
2882,11
2883,5
2884,18
2885,6
2886,7
2887,8
2888,6
2889,5
2890,10
2891,12
2892,19
2893,18
2894,12
2895,13
2896,8
2897,14
2898,9
2899,9
2900,14
2901,13
2902,6
2903,12
2904,5
2905,8
2906,6
2907,14
2908,13
2909,10
2910,16
2911,16
2912,7
2913,7
2914,4
2915,14
2916,10
2917,13
2918,4
2919,13
2920,16
2921,12
2922,20
2923,9
2924,9
2925,13
2926,3
2927,6
2928,6
2929,5
2930,7
2931,2
2932,5
2933,19
2934,8
2935,5
2936,4
2937,8
2938,9
2939,5
2940,4
2941,5
2942,6
2943,9
2944,13
2945,13
2946,5
2947,8
2948,10
2949,6
2950,13
2951,3
2952,8
2953,13
2954,17
2955,8
2956,12
2957,16
2958,17
2959,18
2960,8
2961,6
2962,13
2963,4
2964,6
2965,7
2966,5
2967,6
2968,16
2969,6
2970,2
2971,5
2972,6
2973,9
2974,5
2975,7
2976,9
2977,6
2978,9
2979,18
2980,17
2981,7
2982,13
2983,5
2984,9
2985,17
2986,4
2987,12
2988,6
2989,6
2990,9
2991,12
2992,11
2993,13
2994,4
2995,14
2996,4
2997,17
2998,10
2999,5
3000,7
3001,23
3002,5
3003,5
3004,13
3005,18
3006,8
3007,10
3008,11
3009,10
3010,12
3011,14
3012,7
3013,7
3014,6
3015,3
3016,6
3017,12
3018,8
3019,16
3020,15
3021,7
3022,6
3023,7
3024,18
3025,5
3026,6
3027,13
3028,18
3029,11
3030,7
3031,5
3032,4
3033,5
3034,22
3035,17
3036,8
3037,5
3038,13
3039,24
3040,13
3041,14
3042,7
3043,4
3044,7
3045,19
3046,14
3047,9
3048,4
3049,8
3050,20
3051,10
3052,11
3053,18
3054,16
3055,7
3056,6
3057,4
3058,21
3059,21
3060,8
3061,12
3062,2
3063,13
3064,7
3065,23
3066,9
3067,6
3068,6
3069,9
3070,8
3071,18
3072,14
3073,5
3074,10
3075,15
3076,5
3077,8
3078,14
3079,4
3080,4
3081,18
3082,7
3083,9
3084,16
3085,8
3086,10
3087,18
3088,16
3089,5
3090,16
3091,17
3092,5
3093,9
3094,6
3095,8
3096,2
3097,7
3098,8
3099,9
3100,5
3101,8
3102,6
3103,5
3104,14
3105,8
3106,14
3107,11
3108,10
3109,21
3110,18
3111,12
3112,10
3113,8
3114,7
3115,3
3116,6
3117,17
3118,12
3119,3
3120,11
3121,9
3122,8
3123,21
3124,20
3125,7
3126,12
3127,6
3128,20
3129,23
3130,8
3131,14
3132,7
3133,8
3134,5
3135,13
3136,17
3137,11
3138,14
3139,10
3140,8
3141,6
3142,4
3143,6
3144,9
3145,2
3146,5
3147,23
3148,11
3149,9
3150,18
3151,18
3152,9
3153,5
3154,12
3155,19
3156,8
3157,14
3158,7
3159,14
3160,8
3161,10
3162,15
3163,6
3164,17
3165,6
3166,17
3167,4
3168,9
3169,6
3170,7
3171,9
3172,20
3173,5
3174,12
3175,6
3176,7
3177,14
3178,11
3179,10
3180,5
3181,15
3182,7
3183,7
3184,3
3185,6
3186,8
3187,18
3188,7
3189,17
3190,9
3191,9
3192,10
3193,10
3194,11
3195,10
3196,4
3197,7
3198,17
3199,10
3200,5
3201,6
3202,11
3203,11
3204,5
3205,3
3206,13
3207,8
3208,9
3209,9
3210,8
3211,9
3212,22
3213,11
3214,7
3215,5
3216,12
3217,18
3218,8
3219,8
3220,7
3221,17
3222,9
3223,19
3224,4
3225,5
3226,11
3227,12
3228,7
3229,14
3230,11
3231,6
3232,13
3233,5
3234,8
3235,7
3236,6
3237,13
3238,7
3239,17
3240,7
3241,10
3242,6
3243,10
3244,7
3245,5
3246,7
3247,19
3248,5
3249,7
3250,9
3251,14
3252,9
3253,7
3254,6
3255,7
3256,2
3257,4
3258,8
3259,6
3260,7
3261,5
3262,8
3263,7
3264,7
3265,7
3266,6
3267,5
3268,7
3269,11
3270,14
3271,18
3272,6
3273,14
3274,17
3275,17
3276,23
3277,14
3278,10
3279,19
3280,5
3281,7
3282,6
3283,10
3284,12
3285,13
3286,13
3287,14
3288,14
3289,12
3290,19
3291,5
3292,6
3293,5
3294,9
3295,9
3296,8
3297,5
3298,8
3299,15
3300,7
3301,7
3302,10
3303,9
3304,11
3305,21
3306,8
3307,8
3308,13
3309,5
3310,5
3311,7
3312,28
3313,6
3314,8
3315,9
3316,6
3317,5
3318,4
3319,9
3320,6
3321,8
3322,5
3323,10
3324,6
3325,13
3326,4
3327,8
3328,5
3329,22
3330,6
3331,11
3332,15
3333,17
3334,6
3335,5
3336,4
3337,8
3338,5
3339,13
3340,4
3341,5
3342,5
3343,9
3344,5
3345,13
3346,13
3347,8
3348,20
3349,7
3350,15
3351,8
3352,15
3353,5
3354,5
3355,6
3356,8
3357,5
3358,12
3359,11
3360,19
3361,10
3362,4
3363,17
3364,10
3365,4
3366,9
3367,6
3368,5
3369,10
3370,7
3371,5
3372,4
3373,7
3374,7
3375,7
3376,6
3377,5
3378,15
3379,15
3380,6
3381,4
3382,6
3383,3
3384,6
3385,8
3386,23
3387,4
3388,5
3389,4
3390,7
3391,7
3392,6
3393,19
3394,10
3395,12
3396,11
3397,9
3398,5
3399,3
3400,4
3401,5
3402,8
3403,7
3404,8
3405,6
3406,22
3407,16
3408,19
3409,12
3410,10
3411,15
3412,10
3413,6
3414,15
3415,6
3416,8
3417,5
3418,5
3419,6
3420,20
3421,19
3422,4
3423,21
3424,18
3425,8
3426,7
3427,19
3428,5
3429,19
3430,10
3431,7
3432,4
3433,7
3434,19
3435,5
3436,7
3437,5
3438,11
3439,9
3440,11
3441,19
3442,6
3443,9
3444,14
3445,16
3446,5
3447,8
3448,14
3449,14
3450,14
3451,8
3452,17
3453,3
3454,13
3455,5
3456,6
3457,4
3458,4
3459,11
3460,5
3461,20
3462,16
3463,12
3464,9
3465,27
3466,15
3467,7
3468,12
3469,12
3470,5
3471,8
3472,5
3473,4
3474,11
3475,10
3476,10
3477,25
3478,11
3479,14
3480,8
3481,5
3482,6
3483,7
3484,8
3485,6
3486,6
3487,13
3488,4
3489,6
3490,9
3491,12
3492,14
3493,6
3494,3
3495,8
3496,8
3497,4
3498,17
3499,8
3500,13
3501,14
3502,14
3503,6
3504,8
3505,8
3506,5
3507,10
3508,9
3509,15
3510,11
3511,7
3512,9
3513,9
3514,5
3515,8
3516,4
3517,14
3518,5
3519,6
3520,11
3521,11
3522,9
3523,12
3524,17
3525,18
3526,18
3527,7
3528,20
3529,9
3530,18
3531,24
3532,14
3533,10
3534,17
3535,11
3536,9
3537,8
3538,6
3539,8
3540,19
3541,18
3542,7
3543,6
3544,8
3545,12
3546,4
3547,13
3548,5
3549,7
3550,7
3551,17
3552,11
3553,5
3554,5
3555,4
3556,3
3557,5
3558,15
3559,5
3560,21
3561,8
3562,13
3563,17
3564,15
3565,8
3566,9
3567,18
3568,7
3569,21
3570,19
3571,14
3572,23
3573,31
3574,4
3575,5
3576,20
3577,16
3578,5
3579,7
3580,5
3581,18
3582,4
3583,6
3584,3
3585,4
3586,6
3587,6
3588,6
3589,15
3590,8
3591,5
3592,12
3593,12
3594,22
3595,7
3596,4
3597,4
3598,24
3599,17
3600,4
3601,4
3602,7
3603,9
3604,5
3605,14
3606,7
3607,7
3608,9
3609,5
3610,10
3611,6
3612,23
3613,15
3614,9
3615,10
3616,5
3617,12
3618,8
3619,16
3620,21
3621,20
3622,12
3623,9
3624,13
3625,12
3626,9
3627,11
3628,7
3629,3
3630,12
3631,9
3632,15
3633,7
3634,10
3635,16
3636,13
3637,7
3638,9
3639,31
3640,15
3641,27
3642,9
3643,9
3644,8
3645,8
3646,6
3647,7
3648,6
3649,5
3650,8
3651,21
3652,4
3653,7
3654,14
3655,12
3656,11
3657,15
3658,20
3659,12
3660,11
3661,10
3662,3
3663,5
3664,7
3665,6
3666,13
3667,6
3668,18
3669,17
3670,13
3671,8
3672,8
3673,6
3674,10
3675,14
3676,7
3677,9
3678,6
3679,9
3680,6
3681,15
3682,15
3683,8
3684,36
3685,12
3686,8
3687,20
3688,17
3689,16
3690,17
3691,7
3692,7
3693,4
3694,7
3695,5
3696,8
3697,14
3698,10
3699,4
3700,6
3701,4
3702,14
3703,22
3704,9
3705,8
3706,6
3707,16
3708,17
3709,14
3710,7
3711,14
3712,23
3713,28
3714,20
3715,17
3716,7
3717,6
3718,12
3719,12
3720,6
3721,7
3722,21
3723,13
3724,11
3725,8
3726,6
3727,9
3728,13
3729,10
3730,7
3731,5
3732,11
3733,20
3734,18
3735,7
3736,7
3737,15
3738,23
3739,6
3740,6
3741,10
3742,15
3743,9
3744,3
3745,14
3746,22
3747,9
3748,10
3749,10
3750,5
3751,10
3752,4
3753,10
3754,5
3755,15
3756,6
3757,6
3758,5
3759,7
3760,19
3761,14
3762,4
3763,4
3764,7
3765,29
3766,8
3767,14
3768,17
3769,9
3770,7
3771,4
3772,31
3773,5
3774,5
3775,22
3776,6
3777,19
3778,9
3779,5
3780,8
3781,16
3782,18
3783,19
3784,13
3785,3
3786,9
3787,10
3788,8
3789,5
3790,21
3791,9
3792,6
3793,4
3794,17
3795,16
3796,5
3797,8
3798,7
3799,7
3800,11
3801,16
3802,8
3803,8
3804,12
3805,9
3806,16
3807,23
3808,7
3809,10
3810,13
3811,8
3812,14
3813,19
3814,17
3815,16
3816,5
3817,7
3818,21
3819,13
3820,8
3821,7
3822,10
3823,33
3824,19
3825,9
3826,16
3827,9
3828,18
3829,2
3830,19
3831,10
3832,13
3833,16
3834,9
3835,10
3836,11
3837,4
3838,19
3839,14
3840,20
3841,8
3842,9
3843,8
3844,10
3845,19
3846,18
3847,6
3848,15
3849,3
3850,22
3851,16
3852,17
3853,15
3854,5
3855,9
3856,6
3857,24
3858,10
3859,13
3860,20
3861,4
3862,11
3863,5
3864,10
3865,23
3866,11
3867,8
3868,5
3869,6
3870,5
3871,7
3872,8
3873,6
3874,6
3875,17
3876,7
3877,19
3878,18
3879,18
3880,11
3881,4
3882,34
3883,13
3884,15
3885,6
3886,15
3887,12
3888,4
3889,5
3890,6
3891,16
3892,24
3893,7
3894,7
3895,21
3896,15
3897,12
3898,6
3899,6
3900,21
3901,8
3902,11
3903,10
3904,8
3905,9
3906,12
3907,7
3908,13
3909,9
3910,5
3911,13
3912,16
3913,12
3914,24
3915,22
3916,20
3917,8
3918,5
3919,9
3920,15
3921,14
3922,32
3923,4
3924,6
3925,19
3926,7
3927,5
3928,7
3929,11
3930,10
3931,32
3932,15
3933,8
3934,7
3935,8
3936,9
3937,9
3938,4
3939,3
3940,13
3941,10
3942,10
3943,20
3944,27
3945,25
3946,14
3947,20
3948,11
3949,17
3950,18
3951,15
3952,6
3953,13
3954,8
3955,9
3956,5
3957,12
3958,7
3959,13
3960,5
3961,6
3962,6
3963,7
3964,4
3965,10
3966,19
3967,9
3968,15
3969,10
3970,3
3971,7
3972,7
3973,19
3974,7
3975,9
3976,16
3977,6
3978,10
3979,14
3980,9
3981,14
3982,5
3983,13
3984,8
3985,10
3986,10
3987,6
3988,5
3989,7
3990,7
3991,9
3992,16
3993,8
3994,7
3995,21
3996,9
3997,9
3998,6
3999,17
4000,13
4001,3
4002,13
4003,7
4004,9
4005,8
4006,11
4007,6
4008,7
4009,20
4010,12
4011,10
4012,6
4013,5
4014,6
4015,5
4016,8
4017,7
4018,9
4019,9
4020,6
4021,6
4022,21
4023,16
4024,7
4025,21
4026,8
4027,13
4028,8
4029,5
4030,8
4031,8
4032,5
4033,17
4034,10
4035,10
4036,14
4037,10
4038,19
4039,19
4040,5
4041,10
4042,15
4043,8
4044,6
4045,4
4046,15
4047,5
4048,22
4049,6
4050,8
4051,6
4052,16
4053,6
4054,13
4055,11
4056,5
4057,11
4058,14
4059,9
4060,8
4061,19
4062,10
4063,13
4064,6
4065,9
4066,18
4067,10
4068,14
4069,21
4070,6
4071,8
4072,10
4073,19
4074,10
4075,9
4076,16
4077,11
4078,8
4079,13
4080,7
4081,11
4082,3
4083,13
4084,5
4085,9
4086,7
4087,6
4088,12
4089,5
4090,21
4091,17
4092,7
4093,10
4094,6
4095,5
4096,8
4097,16
4098,5
4099,10
4100,8
4101,9
4102,5
4103,8
4104,5
4105,10
4106,16
4107,7
4108,5
4109,8
4110,7
4111,13
4112,11
4113,7
4114,5
4115,11
4116,12
4117,6
4118,9
4119,17
4120,10
4121,12
4122,8
4123,17
4124,3
4125,12
4126,15
4127,9
4128,8
4129,8
4130,8
4131,17
4132,14
4133,14
4134,3
4135,9
4136,7
4137,10
4138,13
4139,6
4140,16
4141,6
4142,9
4143,14
4144,8
4145,6
4146,11
4147,19
4148,4
4149,11
4150,15
4151,12
4152,8
4153,11
4154,6
4155,25
4156,2
4157,14
4158,9
4159,10
4160,6
4161,17
4162,3
4163,10
4164,3
4165,18
4166,12
4167,10
4168,7
4169,17
4170,9
4171,13
4172,38
4173,10
4174,3
4175,8
4176,8
4177,13
4178,7
4179,5
4180,5
4181,6
4182,7
4183,19
4184,41
4185,13
4186,10
4187,11
4188,6
4189,10
4190,12
4191,22
4192,13
4193,12
4194,8
4195,15
4196,5
4197,8
4198,3
4199,6
4200,13
4201,9
4202,10
4203,19
4204,20
4205,9
4206,6
4207,18
4208,9
4209,4
4210,6
4211,12
4212,7
4213,5
4214,4
4215,6
4216,6
4217,4
4218,11
4219,6
4220,4
4221,9
4222,11
4223,8
4224,13
4225,13
4226,10
4227,26
4228,8
4229,5
4230,14
4231,8
4232,4
4233,10
4234,3
4235,19
4236,8
4237,8
4238,5
4239,9
4240,32
4241,7
4242,16
4243,5
4244,5
4245,10
4246,15
4247,7
4248,21
4249,20
4250,8
4251,5
4252,20
4253,6
4254,11
4255,12
4256,9
4257,6
4258,14
4259,23
4260,11
4261,17
4262,15
4263,7
4264,19
4265,5
4266,10
4267,18
4268,10
4269,20
4270,6
4271,10
4272,11
4273,13
4274,22
4275,8
4276,13
4277,4
4278,13
4279,4
4280,15
4281,10
4282,19
4283,9
4284,5
4285,10
4286,18
4287,5
4288,5
4289,17
4290,9
4291,7
4292,8
4293,22
4294,21
4295,17
4296,20
4297,5
4298,19
4299,9
4300,12
4301,15
4302,4
4303,7
4304,9
4305,11
4306,5
4307,15
4308,7
4309,16
4310,8
4311,8
4312,12
4313,14
4314,4
4315,10
4316,10
4317,4
4318,15
4319,3
4320,11
4321,4
4322,11
4323,7
4324,7
4325,16
4326,13
4327,19
4328,8
4329,18
4330,5
4331,3
4332,8
4333,7
4334,6
4335,6
4336,4
4337,22
4338,7
4339,10
4340,9
4341,15
4342,13
4343,8
4344,14
4345,16
4346,18
4347,22
4348,11
4349,13
4350,6
4351,15
4352,16
4353,11
4354,9
4355,7
4356,11
4357,13
4358,10
4359,4
4360,9
4361,19
4362,17
4363,10
4364,18
4365,9
4366,8
4367,15
4368,11
4369,11
4370,10
4371,4
4372,8
4373,12
4374,12
4375,6
4376,11
4377,4
4378,6
4379,5
4380,3
4381,4
4382,6
4383,4
4384,7
4385,18
4386,6
4387,6
4388,6
4389,51
4390,12
4391,7
4392,23
4393,19
4394,5
4395,19
4396,14
4397,10
4398,4
4399,7
4400,5
4401,3
4402,2
4403,7
4404,6
4405,7
4406,10
4407,7
4408,16
4409,16
4410,4
4411,10
4412,12
4413,8
4414,3
4415,9
4416,13
4417,8
4418,7
4419,12
4420,13
4421,6
4422,3
4423,14
4424,8
4425,9
4426,8
4427,11
4428,9
4429,6
4430,6
4431,6
4432,12
4433,12
4434,9
4435,7
4436,8
4437,7
4438,6
4439,9
4440,8
4441,3
4442,8
4443,6
4444,10
4445,23
4446,13
4447,5
4448,3
4449,8
4450,11
4451,8
4452,5
4453,7
4454,17
4455,5
4456,12
4457,6
4458,4
4459,9
4460,6
4461,7
4462,13
4463,13
4464,13
4465,11
4466,6
4467,7
4468,6
4469,5
4470,7
4471,7
4472,3
4473,18
4474,6
4475,9
4476,7
4477,5
4478,14
4479,9
4480,7
4481,7
4482,16
4483,7
4484,3
4485,17
4486,5
4487,10
4488,4
4489,23
4490,8
4491,12
4492,12
4493,14
4494,4
4495,28
4496,5
4497,8
4498,11
4499,5
4500,5
4501,4
4502,8
4503,5
4504,4
4505,8
4506,9
4507,5
4508,13
4509,3
4510,6
4511,5
4512,11
4513,7
4514,9
4515,11
4516,10
4517,16
4518,16
4519,20
4520,8
4521,8
4522,6
4523,9
4524,14
4525,5
4526,19
4527,15
4528,6
4529,12
4530,10
4531,11
4532,12
4533,8
4534,8
4535,15
4536,20
4537,2
4538,6
4539,12
4540,3
4541,7
4542,13
4543,4
4544,2
4545,5
4546,5
4547,7
4548,7
4549,17
4550,8
4551,3
4552,8
4553,12
4554,16
4555,23
4556,10
4557,7
4558,9
4559,10
4560,10
4561,19
4562,8
4563,7
4564,13
4565,21
4566,19
4567,8
4568,17
4569,9
4570,22
4571,4
4572,13
4573,16
4574,8
4575,9
4576,7
4577,19
4578,4
4579,22
4580,14
4581,10
4582,7
4583,19
4584,15
4585,24
4586,6
4587,7
4588,7
4589,6
4590,14
4591,20
4592,4
4593,8
4594,7
4595,11
4596,5
4597,6
4598,16
4599,11
4600,9
4601,7
4602,9
4603,5
4604,12
4605,5
4606,8
4607,6
4608,5
4609,3
4610,4
4611,5
4612,15
4613,5
4614,15
4615,12
4616,17
4617,6
4618,9
4619,16
4620,5
4621,8
4622,8
4623,4
4624,6
4625,7
4626,12
4627,15
4628,6
4629,13
4630,6
4631,4
4632,6
4633,17
4634,4
4635,6
4636,8
4637,12
4638,19
4639,5
4640,6
4641,12
4642,4
4643,13
4644,7
4645,8
4646,10
4647,8
4648,3
4649,17
4650,9
4651,11
4652,5
4653,8
4654,5
4655,8
4656,8
4657,22
4658,20
4659,12
4660,4
4661,14
4662,10
4663,7
4664,10
4665,32
4666,19
4667,7
4668,6
4669,31
4670,7
4671,10
4672,27
4673,13
4674,7
4675,8
4676,13
4677,10
4678,18
4679,7
4680,21
4681,19
4682,13
4683,20
4684,33
4685,8
4686,12
4687,4
4688,14
4689,16
4690,14
4691,14
4692,12
4693,23
4694,10
4695,11
4696,8
4697,10
4698,14
4699,12
4700,21
4701,9
4702,17
4703,8
4704,9
4705,12
4706,39
4707,9
4708,8
4709,17
4710,4
4711,15
4712,10
4713,11
4714,4
4715,6
4716,10
4717,12
4718,11
4719,9
4720,28
4721,5
4722,13
4723,14
4724,13
4725,6
4726,12
4727,22
4728,8
4729,3
4730,10
4731,13
4732,5
4733,4
4734,12
4735,2
4736,15
4737,7
4738,5
4739,6
4740,5
4741,8
4742,7
4743,10
4744,17
4745,7
4746,12
4747,10
4748,8
4749,10
4750,9
4751,10
4752,20
4753,5
4754,16
4755,17
4756,13
4757,8
4758,5
4759,15
4760,3
4761,5
4762,7
4763,9
4764,6
4765,6
4766,7
4767,17
4768,17
4769,15
4770,8
4771,6
4772,5
4773,24
4774,12
4775,14
4776,5
4777,22
4778,5
4779,5
4780,20
4781,10
4782,6
4783,9
4784,16
4785,17
4786,16
4787,11
4788,6
4789,13
4790,8
4791,6
4792,21
4793,10
4794,13
4795,15
4796,4
4797,12
4798,12
4799,5
4800,14
4801,15
4802,20
4803,9
4804,11
4805,11
4806,11
4807,10
4808,8
4809,10
4810,17
4811,16
4812,4
4813,29
4814,13
4815,9
4816,5
4817,12
4818,9
4819,14
4820,22
4821,12
4822,17
4823,10
4824,18
4825,10
4826,5
4827,12
4828,19
4829,12
4830,5
4831,24
4832,16
4833,15
4834,11
4835,3
4836,4
4837,5
4838,9
4839,13
4840,9
4841,9
4842,6
4843,5
4844,7
4845,8
4846,13
4847,9
4848,6
4849,15
4850,13
4851,15
4852,13
4853,4
4854,25
4855,26
4856,25
4857,8
4858,4
4859,7
4860,4
4861,9
4862,4
4863,20
4864,12
4865,8
4866,13
4867,9
4868,4
4869,34
4870,10
4871,16
4872,10
4873,3
4874,15
4875,13
4876,6
4877,14
4878,24
4879,9
4880,4
4881,25
4882,9
4883,19
4884,7
4885,6
4886,17
4887,5
4888,9
4889,7
4890,10
4891,5
4892,7
4893,22
4894,15
4895,16
4896,15
4897,11
4898,6
4899,18
4900,16
4901,9
4902,8
4903,8
4904,12
4905,6
4906,10
4907,12
4908,15
4909,22
4910,3
4911,21
4912,9
4913,6
4914,21
4915,11
4916,10
4917,8
4918,10
4919,18
4920,9
4921,19
4922,18
4923,8
4924,7
4925,7
4926,10
4927,4
4928,9
4929,20
4930,9
4931,11
4932,24
4933,2
4934,18
4935,12
4936,5
4937,3
4938,6
4939,7
4940,14
4941,4
4942,7
4943,6
4944,6
4945,7
4946,13
4947,6
4948,8
4949,11
4950,15
4951,18
4952,8
4953,8
4954,4
4955,16
4956,7
4957,17
4958,5
4959,5
4960,11
4961,16
4962,5
4963,7
4964,2
4965,8
4966,7
4967,10
4968,7
4969,10
4970,7
4971,3
4972,7
4973,7
4974,23
4975,21
4976,4
4977,15
4978,8
4979,8
4980,6
4981,3
4982,8
4983,12
4984,5
4985,20
4986,17
4987,9
4988,16
4989,13
4990,5
4991,9
4992,16
4993,12
4994,8
4995,8
4996,9
4997,11
4998,3
4999,4
5000,8
5001,13
5002,13
5003,11
5004,22
5005,8
5006,16
5007,9
5008,16
5009,13
5010,6
5011,6
5012,24
5013,5
5014,12
5015,20
5016,6
5017,5
5018,19
5019,5
5020,37
5021,12
5022,38
5023,6
5024,15
5025,21
5026,3
5027,20
5028,10
5029,4
5030,21
5031,9
5032,11
5033,9
5034,6
5035,6
5036,7
5037,6
5038,4
5039,8
5040,9
5041,6
5042,12
5043,13
5044,5
5045,6
5046,7
5047,8
5048,8
5049,8
5050,3
5051,19
5052,18
5053,16
5054,7
5055,8
5056,6
5057,12
5058,4
5059,4
5060,6
5061,7
5062,22
5063,16
5064,15
5065,5
5066,10
5067,12
5068,8
5069,5
5070,8
5071,8
5072,10
5073,10
5074,6
5075,3
5076,16
5077,12
5078,16
5079,8
5080,19
5081,6
5082,25
5083,26
5084,8
5085,5
5086,5
5087,12
5088,11
5089,9
5090,15
5091,6
5092,18
5093,15
5094,13
5095,11
5096,11
5097,7
5098,8
5099,16
5100,18
5101,12
5102,7
5103,6
5104,14
5105,14
5106,4
5107,13
5108,5
5109,5
5110,8
5111,7
5112,8
5113,10
5114,8
5115,8
5116,10
5117,4
5118,13
5119,14
5120,6
5121,8
5122,10
5123,4
5124,5
5125,22
5126,6
5127,21
5128,11
5129,6
5130,13
5131,27
5132,6
5133,10
5134,2
5135,5
5136,7
5137,12
5138,12
5139,14
5140,18
5141,7
5142,7
5143,8
5144,10
5145,6
5146,6
5147,5
5148,7
5149,8
5150,9
5151,7
5152,6
5153,6
5154,18
5155,11
5156,9
5157,5
5158,11
5159,3
5160,10
5161,3
5162,11
5163,11
5164,7
5165,7
5166,8
5167,11
5168,15
5169,4
5170,8
5171,3
5172,7
5173,18
5174,8
5175,12
5176,5
5177,8
5178,10
5179,7
5180,3
5181,9
5182,6
5183,9
5184,7
5185,19
5186,5
5187,11
5188,4
5189,10
5190,17
5191,8
5192,6
5193,16
5194,6
5195,5
5196,8
5197,6
5198,12
5199,4
5200,7
5201,9
5202,5
5203,9
5204,5
5205,7
5206,13
5207,11
5208,7
5209,8
5210,7
5211,7
5212,7
5213,11
5214,4
5215,13
5216,6
5217,7
5218,16
5219,4
5220,7
5221,9
5222,13
5223,15
5224,9
5225,4
5226,6
5227,6
5228,4
5229,5
5230,4
5231,5
5232,13
5233,10
5234,11
5235,8
5236,11
5237,5
5238,6
5239,10
5240,11
5241,8
5242,5
5243,11
5244,23
5245,8
5246,5
5247,10
5248,16
5249,4
5250,7
5251,5
5252,5
5253,5
5254,28
5255,12
5256,10
5257,5
5258,21
5259,7
5260,7
5261,3
5262,7
5263,11
5264,3
5265,25
5266,5
5267,8
5268,3
5269,15
5270,17
5271,7
5272,3
5273,5
5274,5
5275,8
5276,3
5277,12
5278,16
5279,8
5280,20
5281,20
5282,13
5283,8
5284,9
5285,19
5286,5
5287,7
5288,6
5289,14
5290,11
5291,7
5292,19
5293,8
5294,10
5295,6
5296,5
5297,8
5298,11
5299,9
5300,6
5301,4
5302,3
5303,7
5304,15
5305,17
5306,14
5307,8
5308,5
5309,5
5310,16
5311,10
5312,4
5313,4
5314,3
5315,7
5316,3
5317,4
5318,3
5319,8
5320,8
5321,8
5322,5
5323,5
5324,8
5325,10
5326,7
5327,5
5328,7
5329,10
5330,12
5331,5
5332,6
5333,7
5334,7
5335,11
5336,5
5337,19
5338,3
5339,8
5340,11
5341,7
5342,10
5343,7
5344,14
5345,8
5346,4
5347,20
5348,11
5349,5
5350,9
5351,9
5352,23
5353,3
5354,6
5355,5
5356,7
5357,10
5358,14
5359,21
5360,11
5361,3
5362,9
5363,5
5364,7
5365,10
5366,3
5367,2
5368,27
5369,24
5370,9
5371,9
5372,25
5373,22
5374,6
5375,6
5376,5
5377,6
5378,6
5379,19
5380,8
5381,12
5382,12
5383,5
5384,3
5385,20
5386,18
5387,7
5388,12
5389,12
5390,6
5391,4
5392,16
5393,6
5394,8
5395,15
5396,18
5397,14
5398,20
5399,15
5400,7
5401,6
5402,9
5403,7
5404,11
5405,8
5406,10
5407,11
5408,8
5409,23
5410,9
5411,19
5412,3
5413,10
5414,19
5415,5
5416,9
5417,13
5418,10
5419,7
5420,10
5421,9
5422,11
5423,8
5424,6
5425,4
5426,12
5427,6
5428,5
5429,14
5430,14
5431,11
5432,10
5433,13
5434,21
5435,16
5436,16
5437,10
5438,9
5439,6
5440,11
5441,16
5442,5
5443,6
5444,27
5445,19
5446,7
5447,28
5448,17
5449,14
5450,14
5451,10
5452,14
5453,23
5454,5
5455,17
5456,14
5457,4
5458,12
5459,8
5460,7
5461,9
5462,17
5463,6
5464,15
5465,12
5466,7
5467,10
5468,13
5469,9
5470,19
5471,6
5472,8
5473,11
5474,11
5475,4
5476,11
5477,8
5478,9
5479,4
5480,14
5481,4
5482,11
5483,6
5484,19
5485,9
5486,14
5487,15
5488,20
5489,7
5490,28
5491,18
5492,13
5493,14
5494,12
5495,15
5496,18
5497,11
5498,6
5499,10
5500,7
5501,3
5502,5
5503,15
5504,22
5505,13
5506,4
5507,5
5508,9
5509,7
5510,9
5511,10
5512,5
5513,8
5514,9
5515,9
5516,7
5517,5
5518,4
5519,5
5520,13
5521,7
5522,6
5523,9
5524,10
5525,12
5526,10
5527,10
5528,16
5529,7
5530,5
5531,5
5532,6
5533,11
5534,11
5535,13
5536,20
5537,7
5538,4
5539,9
5540,10
5541,6
5542,7
5543,7
5544,15
5545,12
5546,8
5547,7
5548,5
5549,10
5550,13
5551,8
5552,10
5553,26
5554,11
5555,4
5556,6
5557,7
5558,6
5559,4
5560,15
5561,10
5562,4
5563,6
5564,6
5565,19
5566,6
5567,6
5568,7
5569,6
5570,4
5571,16
5572,6
5573,9
5574,5
5575,7
5576,13
5577,7
5578,12
5579,13
5580,7
5581,5
5582,3
5583,5
5584,8
5585,10
5586,7
5587,13
5588,7
5589,9
5590,11
5591,13
5592,4
5593,6
5594,9
5595,7
5596,17
5597,12
5598,5
5599,7
5600,7
5601,11
5602,4
5603,4
5604,5
5605,5
5606,6
5607,4
5608,10
5609,4
5610,11
5611,9
5612,7
5613,7
5614,5
5615,7
5616,3
5617,6
5618,4
5619,15
5620,9
5621,9
5622,5
5623,5
5624,5
5625,12
5626,8
5627,5
5628,4
5629,6
5630,14
5631,8
5632,9
5633,15
5634,10
5635,5
5636,11
5637,19
5638,7
5639,6
5640,9
5641,16
5642,19
5643,5
5644,12
5645,7
5646,13
5647,5
5648,4
5649,6
5650,9
5651,7
5652,5
5653,9
5654,9
5655,5
5656,6
5657,6
5658,5
5659,4
5660,10
5661,6
5662,16
5663,8
5664,5
5665,9
5666,5
5667,7
5668,7
5669,5
5670,4
5671,11
5672,7
5673,9
5674,7
5675,8
5676,9
5677,5
5678,3
5679,7
5680,7
5681,11
5682,4
5683,5
5684,9
5685,10
5686,10
5687,9
5688,6
5689,3
5690,5
5691,6
5692,6
5693,4
5694,6
5695,16
5696,11
5697,5
5698,5
5699,11
5700,6
5701,12
5702,5
5703,7
5704,7
5705,9
5706,9
5707,7
5708,5
5709,6
5710,6
5711,13
5712,6
5713,7
5714,19
5715,5
5716,22
5717,5
5718,10
5719,6
5720,14
5721,21
5722,4
5723,5
5724,14
5725,9
5726,8
5727,7
5728,6
5729,9
5730,8
5731,7
5732,16
5733,9
5734,6
5735,13
5736,6
5737,7
5738,5
5739,8
5740,11
5741,9
5742,15
5743,8
5744,10
5745,5
5746,8
5747,15
5748,4
5749,7
5750,7
5751,9
5752,6
5753,6
5754,4
5755,10
5756,11
5757,8
5758,7
5759,6
5760,5
5761,8
5762,5
5763,6
5764,5
5765,7
5766,5
5767,5
5768,12
5769,4
5770,5
5771,4
5772,7
5773,7
5774,5
5775,22
5776,6
5777,6
5778,7
5779,6
5780,6
5781,17
5782,6
5783,13
5784,4
5785,4
5786,4
5787,16
5788,5
5789,5
5790,6
5791,5
5792,6
5793,13
5794,4
5795,10
5796,9
5797,8
5798,18
5799,4
5800,12
5801,6
5802,8
5803,11
5804,7
5805,6
5806,5
5807,13
5808,7
5809,11
5810,15
5811,4
5812,22
5813,5
5814,10
5815,4
5816,3
5817,4
5818,8
5819,10
5820,4
5821,5
5822,8
5823,14
5824,4
5825,9
5826,15
5827,16
5828,6
5829,3
5830,7
5831,5
5832,4
5833,7
5834,9
5835,7
5836,5
5837,5
5838,13
5839,5
5840,4
5841,5
5842,6
5843,12
5844,9
5845,7
5846,9
5847,15
5848,13
5849,15
5850,4
5851,18
5852,9
5853,4
5854,17
5855,4
5856,9
5857,6
5858,8
5859,6
5860,8
5861,12
5862,9
5863,7
5864,7
5865,11
5866,21
5867,7
5868,4
5869,14
5870,4
5871,13
5872,8
5873,13
5874,7
5875,24
5876,21
5877,8
5878,15
5879,4
5880,6
5881,6
5882,6
5883,8
5884,16
5885,19
5886,5
5887,9
5888,14
5889,19
5890,6
5891,5
5892,19
5893,10
5894,20
5895,22
5896,6
5897,16
5898,4
5899,3
5900,7
5901,5
5902,8
5903,15
5904,25
5905,6
5906,15
5907,9
5908,8
5909,19
5910,13
5911,5
5912,4
5913,13
5914,35
5915,5
5916,15
5917,6
5918,4
5919,4
5920,5
5921,12
5922,15
5923,7
5924,9
5925,12
5926,6
5927,8
5928,10
5929,5
5930,9
5931,6
5932,7
5933,8
5934,6
5935,9
5936,14
5937,9
5938,11
5939,5
5940,15
5941,4
5942,6
5943,5
5944,7
5945,7
5946,7
5947,5
5948,5
5949,8
5950,6
5951,13
5952,4
5953,9
5954,8
5955,11
5956,11
5957,15
5958,5
5959,7
5960,5
5961,3
5962,5
5963,11
5964,8
5965,11
5966,6
5967,6
5968,3
5969,9
5970,20
5971,6
5972,8
5973,4
5974,8
5975,6
5976,7
5977,4
5978,6
5979,11
5980,8
5981,12
5982,5
5983,8
5984,7
5985,9
5986,11
5987,6
5988,13
5989,3
5990,5
5991,6
5992,8
5993,4
5994,8
5995,15
5996,5
5997,9
5998,9
5999,9
6000,5
6001,7
6002,7
6003,5
6004,8
6005,9
6006,8
6007,7
6008,7
6009,5
6010,5
6011,12
6012,15
6013,13
6014,12
6015,16
6016,4
6017,6
6018,4
6019,5
6020,7
6021,7
6022,6
6023,5
6024,4
6025,4
6026,10
6027,10
6028,9
6029,8
6030,9
6031,9
6032,5
6033,4
6034,6
6035,8
6036,14
6037,13
6038,8
6039,12
6040,17
6041,16
6042,12
6043,9
6044,4
6045,4
6046,13
6047,6
6048,4
6049,8
6050,19
6051,17
6052,12
6053,13
6054,15
6055,13
6056,12
6057,9
6058,5
6059,6
6060,5
6061,9
6062,19
6063,16
6064,7
6065,7
6066,6
6067,4
6068,4
6069,10
6070,12
6071,13
6072,11
6073,5
6074,5
6075,15
6076,17
6077,6
6078,8
6079,6
6080,6
6081,4
6082,6
6083,7
6084,5
6085,11
6086,21
6087,5
6088,9
6089,7
6090,6
6091,9
6092,5
6093,9
6094,3
6095,5
6096,5
6097,4
6098,5
6099,15
6100,5
6101,5
6102,14
6103,3
6104,4
6105,13
6106,8
6107,4
6108,3
6109,4
6110,9
6111,7
6112,9
6113,16
6114,8
6115,7
6116,16
6117,10
6118,4
6119,5
6120,11
6121,9
6122,3
6123,6
6124,5
6125,4
6126,7
6127,5
6128,8
6129,4
6130,4
6131,4
6132,6
6133,8
6134,12
6135,6
6136,15
6137,7
6138,21
6139,4
6140,7
6141,6
6142,8
6143,5
6144,27
6145,13
6146,8
6147,4
6148,7
6149,4
6150,12
6151,9
6152,3
6153,8
6154,3
6155,3
6156,11
6157,11
6158,4
6159,14
6160,10
6161,13
6162,5
6163,13
6164,3
6165,8
6166,8
6167,4
6168,9
6169,6
6170,16
6171,7
6172,6
6173,8
6174,5
6175,8
6176,13
6177,6
6178,5
6179,4
6180,8
6181,6
6182,6
6183,4
6184,6
6185,6
6186,15
6187,9
6188,3
6189,8
6190,5
6191,7
6192,13
6193,2
6194,4
6195,6
6196,6
6197,6
6198,8
6199,5
6200,27
6201,16
6202,8
6203,5
6204,7
6205,4
6206,9
6207,10
6208,8
6209,7
6210,19
6211,6
6212,6
6213,11
6214,12
6215,7
6216,15
6217,8
6218,4
6219,9
6220,17
6221,10
6222,7
6223,10
6224,6
6225,5
6226,7
6227,14
6228,38
6229,13
6230,6
6231,10
6232,13
6233,6
6234,7
6235,6
6236,5
6237,4
6238,12
6239,6
6240,15
6241,8
6242,9
6243,10
6244,6
6245,6
6246,5
6247,5
6248,10
6249,15
6250,3
6251,4
6252,6
6253,17
6254,7
6255,3
6256,7
6257,2
6258,5
6259,5
6260,5
6261,6
6262,3
6263,9
6264,5
6265,10
6266,6
6267,11
6268,10
6269,7
6270,14
6271,8
6272,9
6273,15
6274,9
6275,8
6276,5
6277,5
6278,11
6279,13
6280,1
6281,8
6282,10
6283,7
6284,8
6285,12
6286,9
6287,8
6288,7
6289,8
6290,13
6291,4
6292,10
6293,11
6294,18
6295,8
6296,6
6297,6
6298,7
6299,9
6300,12
6301,16
6302,11
6303,13
6304,15
6305,7
6306,13
6307,10
6308,4
6309,11
6310,7
6311,10
6312,4
6313,4
6314,12
6315,8
6316,6
6317,16
6318,5
6319,14
6320,9
6321,5
6322,12
6323,11
6324,13
6325,14
6326,14
6327,5
6328,11
6329,5
6330,7
6331,4
6332,15
6333,11
6334,13
6335,6
6336,11
6337,13
6338,14
6339,6
6340,12
6341,12
6342,6
6343,12
6344,7
6345,4
6346,13
6347,4
6348,9
6349,4
6350,7
6351,5
6352,30
6353,2
6354,5
6355,9
6356,6
6357,5
6358,5
6359,6
6360,10
6361,10
6362,20
6363,8
6364,16
6365,8
6366,7
6367,8
6368,6
6369,4
6370,4
6371,7
6372,7
6373,14
6374,6
6375,9
6376,17
6377,13
6378,14
6379,4
6380,14
6381,9
6382,11
6383,17
6384,5
6385,11
6386,10
6387,10
6388,9
6389,6
6390,9
6391,16
6392,9
6393,8
6394,10
6395,9
6396,10
6397,9
6398,4
6399,12
6400,3
6401,8
6402,8
6403,12
6404,9
6405,6
6406,13
6407,10
6408,3
6409,4
6410,4
6411,6
6412,4
6413,15
6414,13
6415,14
6416,12
6417,11
6418,11
6419,9
6420,4
6421,4
6422,4
6423,5
6424,8
6425,4
6426,7
6427,15
6428,6
6429,8
6430,8
6431,6
6432,12
6433,2
6434,5
6435,7
6436,4
6437,5
6438,18
6439,4
6440,6
6441,4
6442,9
6443,16
6444,8
6445,13
6446,6
6447,9
6448,9
6449,6
6450,4
6451,7
6452,9
6453,5
6454,12
6455,4
6456,12
6457,11
6458,4
6459,12
6460,3
6461,9
6462,4
6463,3
6464,9
6465,7
6466,6
6467,5
6468,11
6469,4
6470,6
6471,8
6472,5
6473,5
6474,6
6475,6
6476,5
6477,9
6478,7
6479,7
6480,5
6481,3
6482,8
6483,10
6484,9
6485,6
6486,10
6487,3
6488,11
6489,9
6490,13
6491,11
6492,5
6493,5
6494,10
6495,10
6496,11
6497,5
6498,11
6499,6
6500,8
6501,15
6502,10
6503,7
6504,10
6505,5
6506,11
6507,15
6508,8
6509,6
6510,7
6511,10
6512,19
6513,8
6514,4
6515,5
6516,5
6517,5
6518,3
6519,6
6520,7
6521,5
6522,7
6523,4
6524,7
6525,3
6526,4
6527,6
6528,6
6529,9
6530,5
6531,6
6532,8
6533,11
6534,8
6535,5
6536,8
6537,5
6538,19
6539,8
6540,4
6541,14
6542,5
6543,11
6544,12
6545,9
6546,9
6547,6
6548,8
6549,11
6550,12
6551,9
6552,5
6553,7
6554,9
6555,4
6556,10
6557,5
6558,7
6559,7
6560,6
6561,9
6562,12
6563,6
6564,8
6565,12
6566,8
6567,6
6568,11
6569,11
6570,3
6571,6
6572,7
6573,8
6574,15
6575,4
6576,5
6577,6
6578,17
6579,9
6580,4
6581,4
6582,20
6583,5
6584,11
6585,4
6586,5
6587,8
6588,6
6589,6
6590,6
6591,6
6592,17
6593,9
6594,6
6595,19
6596,9
6597,9
6598,3
6599,8
6600,4
6601,8
6602,16
6603,8
6604,3
6605,12
6606,13
6607,15
6608,8
6609,5
6610,10
6611,4
6612,14
6613,5
6614,15
6615,7
6616,8
6617,6
6618,30
6619,11
6620,12
6621,17
6622,10
6623,10
6624,11
6625,7
6626,6
6627,12
6628,7
6629,4
6630,9
6631,7
6632,9
6633,13
6634,12
6635,9
6636,11
6637,19
6638,5
6639,6
6640,11
6641,8
6642,8
6643,5
6644,3
6645,11
6646,11
6647,17
6648,10
6649,5
6650,12
6651,5
6652,5
6653,12
6654,14
6655,6
6656,9
6657,16
6658,11
6659,8
6660,9
6661,15
6662,5
6663,4
6664,16
6665,5
6666,4
6667,3
6668,15
6669,4
6670,7
6671,7
6672,16
6673,7
6674,5
6675,6
6676,24
6677,8
6678,6
6679,11
6680,7
6681,9
6682,7
6683,10
6684,7
6685,8
6686,26
6687,27
6688,6
6689,12
6690,12
6691,8
6692,4
6693,17
6694,8
6695,13
6696,5
6697,11
6698,3
6699,5
6700,2
6701,21
6702,8
6703,17
6704,3
6705,5
6706,5
6707,13
6708,14
6709,6
6710,7
6711,4
6712,6
6713,5
6714,6
6715,5
6716,8
6717,16
6718,6
6719,4
6720,6
6721,10
6722,14
6723,10
6724,5
6725,6
6726,9
6727,7
6728,6
6729,16
6730,10
6731,7
6732,6
6733,7
6734,4
6735,7
6736,5
6737,12
6738,8
6739,5
6740,10
6741,7
6742,9
6743,8
6744,8
6745,17
6746,4
6747,5
6748,1
6749,13
6750,7
6751,7
6752,8
6753,8
6754,6
6755,4
6756,9
6757,11
6758,6
6759,6
6760,13
6761,16
6762,1
6763,9
6764,6
6765,5
6766,7
6767,4
6768,2
6769,11
6770,4
6771,11
6772,8
6773,5
6774,12
6775,9
6776,10
6777,21
6778,4
6779,15
6780,6
6781,4
6782,5
6783,8
6784,6
6785,3
6786,3
6787,5
6788,10
6789,10
6790,5
6791,9
6792,9
6793,5
6794,3
6795,3
6796,9
6797,4
6798,6
6799,9
6800,4
6801,12
6802,18
6803,5
6804,6
6805,9
6806,4
6807,5
6808,10
6809,5
6810,9
6811,3
6812,13
6813,2
6814,5
6815,5
6816,5
6817,15
6818,5
6819,11
6820,6
6821,4
6822,4
6823,15
6824,10
6825,9
6826,13
6827,4
6828,11
6829,21
6830,9
6831,11
6832,4
6833,4
6834,4
6835,5
6836,4
6837,7
6838,9
6839,18
6840,4
6841,8
6842,6
6843,5
6844,3
6845,4
6846,6
6847,12
6848,14
6849,8
6850,6
6851,5
6852,15
6853,6
6854,4
6855,7
6856,12
6857,20
6858,10
6859,10
6860,3
6861,4
6862,6
6863,9
6864,12
6865,8
6866,11
6867,9
6868,10
6869,9
6870,10
6871,5
6872,7
6873,12
6874,12
6875,10
6876,7
6877,5
6878,3
6879,16
6880,8
6881,8
6882,9
6883,4
6884,17
6885,12
6886,5
6887,8
6888,13
6889,7
6890,16
6891,8
6892,9
6893,4
6894,6
6895,6
6896,28
6897,9
6898,14
6899,4
6900,8
6901,5
6902,12
6903,9
6904,8
6905,5
6906,19
6907,5
6908,11
6909,15
6910,6
6911,10
6912,3
6913,12
6914,10
6915,15
6916,5
6917,13
6918,5
6919,6
6920,12
6921,8
6922,18
6923,12
6924,3
6925,15
6926,5
6927,9
6928,9
6929,8
6930,6
6931,11
6932,12
6933,7
6934,14
6935,6
6936,4
6937,4
6938,5
6939,15
6940,4
6941,6
6942,8
6943,12
6944,8
6945,7
6946,4
6947,9
6948,15
6949,14
6950,5
6951,14
6952,8
6953,5
6954,7
6955,4
6956,4
6957,10
6958,16
6959,6
6960,13
6961,4
6962,8
6963,3
6964,22
6965,3
6966,7
6967,17
6968,5
6969,7
6970,10
6971,12
6972,10
6973,10
6974,9
6975,9
6976,9
6977,6
6978,13
6979,3
6980,17
6981,9
6982,8
6983,6
6984,6
6985,6
6986,6
6987,6
6988,9
6989,7
6990,4
6991,14
6992,10
6993,14
6994,9
6995,11
6996,10
6997,24
6998,7
6999,6
7000,9
7001,5
7002,7
7003,14
7004,12
7005,10
7006,14
7007,13
7008,12
7009,24
7010,8
7011,6
7012,5
7013,5
7014,9
7015,10
7016,3
7017,18
7018,6
7019,7
7020,4
7021,32
7022,2
7023,14
7024,6
7025,7
7026,6
7027,17
7028,4
7029,3
7030,13
7031,12
7032,9
7033,4
7034,7
7035,8
7036,3
7037,6
7038,13
7039,17
7040,22
7041,7
7042,11
7043,10
7044,16
7045,5
7046,4
7047,11
7048,16
7049,6
7050,15
7051,7
7052,10
7053,15
7054,14
7055,12
7056,13
7057,4
7058,20
7059,18
7060,22
7061,7
7062,7
7063,9
7064,11
7065,14
7066,8
7067,10
7068,7
7069,8
7070,6
7071,8
7072,11
7073,14
7074,9
7075,10
7076,15
7077,8
7078,9
7079,17
7080,7
7081,6
7082,10
7083,4
7084,4
7085,11
7086,5
7087,6
7088,50
7089,7
7090,7
7091,8
7092,9
7093,9
7094,10
7095,12
7096,12
7097,9
7098,6
7099,11
7100,4
7101,12
7102,11
7103,4
7104,6
7105,9
7106,4
7107,6
7108,21
7109,10
7110,9
7111,5
7112,7
7113,10
7114,11
7115,6
7116,6
7117,14
7118,3
7119,14
7120,16
7121,14
7122,11
7123,5
7124,10
7125,8
7126,7
7127,12
7128,4
7129,11
7130,14
7131,5
7132,11
7133,12
7134,5
7135,15
7136,7
7137,6
7138,5
7139,7
7140,9
7141,15
7142,12
7143,10
7144,14
7145,6
7146,7
7147,13
7148,11
7149,5
7150,4
7151,18
7152,20
7153,8
7154,10
7155,5
7156,26
7157,6
7158,4
7159,9
7160,10
7161,15
7162,10
7163,9
7164,11
7165,11
7166,12
7167,11
7168,10
7169,8
7170,6
7171,5
7172,5
7173,8
7174,6
7175,4
7176,5
7177,8
7178,32
7179,5
7180,11
7181,10
7182,16
7183,5
7184,7
7185,5
7186,15
7187,6
7188,24
7189,6
7190,17
7191,4
7192,15
7193,12
7194,4
7195,11
7196,5
7197,12
7198,9
7199,10
7200,17
7201,6
7202,11
7203,7
7204,10
7205,8
7206,13
7207,5
7208,8
7209,5
7210,11
7211,5
7212,5
7213,16
7214,6
7215,5
7216,7
7217,4
7218,6
7219,10
7220,9
7221,7
7222,5
7223,14
7224,3
7225,6
7226,6
7227,6
7228,6
7229,5
7230,3
7231,6
7232,4
7233,5
7234,10
7235,10
7236,4
7237,21
7238,12
7239,31
7240,5
7241,4
7242,7
7243,6
7244,4
7245,3
7246,14
7247,9
7248,11
7249,17
7250,18
7251,12
7252,16
7253,9
7254,3
7255,15
7256,11
7257,12
7258,8
7259,6
7260,13
7261,5
7262,9
7263,13
7264,8
7265,6
7266,10
7267,3
7268,8
7269,5
7270,7
7271,13
7272,5
7273,4
7274,14
7275,12
7276,5
7277,6
7278,11
7279,7
7280,9
7281,12
7282,11
7283,5
7284,7
7285,16
7286,8
7287,14
7288,9
7289,5
7290,12
7291,10
7292,11
7293,5
7294,13
7295,4
7296,7
7297,7
7298,13
7299,14
7300,9
7301,8
7302,16
7303,8
7304,11
7305,29
7306,3
7307,5
7308,7
7309,4
7310,8
7311,3
7312,8
7313,6
7314,6
7315,4
7316,7
7317,6
7318,7
7319,10
7320,13
7321,15
7322,12
7323,7
7324,12
7325,12
7326,12
7327,4
7328,4
7329,4
7330,4
7331,7
7332,6
7333,2
7334,12
7335,4
7336,8
7337,6
7338,7
7339,12
7340,5
7341,4
7342,7
7343,13
7344,16
7345,5
7346,5
7347,5
7348,9
7349,4
7350,10
7351,10
7352,6
7353,14
7354,9
7355,4
7356,22
7357,6
7358,6
7359,35
7360,12
7361,4
7362,8
7363,17
7364,14
7365,16
7366,24
7367,9
7368,5
7369,3
7370,11
7371,6
7372,11
7373,7
7374,4
7375,4
7376,12
7377,5
7378,5
7379,4
7380,6
7381,6
7382,5
7383,4
7384,7
7385,9
7386,9
7387,6
7388,6
7389,15
7390,11
7391,6
7392,10
7393,7
7394,2
7395,8
7396,5
7397,4
7398,5
7399,5
7400,8
7401,3
7402,11
7403,12
7404,16
7405,5
7406,5
7407,4
7408,22
7409,5
7410,15
7411,18
7412,14
7413,9
7414,14
7415,4
7416,4
7417,2
7418,9
7419,5
7420,7
7421,7
7422,6
7423,13
7424,6
7425,12
7426,10
7427,10
7428,5
7429,8
7430,11
7431,8
7432,15
7433,8
7434,5
7435,12
7436,13
7437,7
7438,4
7439,9
7440,7
7441,4
7442,6
7443,6
7444,13
7445,5
7446,5
7447,5
7448,4
7449,12
7450,6
7451,8
7452,6
7453,16
7454,19
7455,24
7456,8
7457,4
7458,18
7459,14
7460,12
7461,9
7462,6
7463,31
7464,7
7465,7
7466,7
7467,9
7468,12
7469,7
7470,5
7471,3
7472,5
7473,4
7474,4
7475,4
7476,6
7477,6
7478,7
7479,20
7480,5
7481,3
7482,15
7483,6
7484,8
7485,8
7486,4
7487,6
7488,2
7489,5
7490,5
7491,11
7492,5
7493,10
7494,6
7495,6
7496,8
7497,7
7498,5
7499,5
7500,15
7501,4
7502,6
7503,10
7504,15
7505,9
7506,5
7507,10
7508,17
7509,4
7510,13
7511,4
7512,9
7513,6
7514,9
7515,5
7516,6
7517,7
7518,3
7519,5
7520,10
7521,19
7522,6
7523,17
7524,5
7525,8
7526,16
7527,23
7528,11
7529,6
7530,3
7531,15
7532,12
7533,8
7534,8
7535,10
7536,3
7537,11
7538,6
7539,7
7540,5
7541,15
7542,5
7543,4
7544,12
7545,9
7546,4
7547,4
7548,15
7549,18
7550,20
7551,5
7552,5
7553,5
7554,5
7555,4
7556,6
7557,3
7558,7
7559,11
7560,17
7561,21
7562,21
7563,6
7564,5
7565,13
7566,6
7567,12
7568,18
7569,5
7570,6
7571,6
7572,4
7573,9
7574,16
7575,11
7576,4
7577,20
7578,31
7579,7
7580,5
7581,29
7582,4
7583,7
7584,6
7585,7
7586,8
7587,5
7588,12
7589,4
7590,5
7591,13
7592,10
7593,6
7594,5
7595,12
7596,18
7597,13
7598,20
7599,18
7600,5
7601,9
7602,15
7603,18
7604,7
7605,13
7606,14
7607,7
7608,4
7609,8
7610,7
7611,5
7612,12
7613,7
7614,8
7615,10
7616,4
7617,10
7618,6
7619,5
7620,4
7621,9
7622,8
7623,8
7624,3
7625,9
7626,11
7627,12
7628,5
7629,10
7630,3
7631,10
7632,19
7633,18
7634,9
7635,9
7636,5
7637,5
7638,9
7639,4
7640,6
7641,6
7642,6
7643,8
7644,6
7645,17
7646,5
7647,13
7648,9
7649,8
7650,8
7651,4
7652,4
7653,5
7654,8
7655,11
7656,7
7657,8
7658,8
7659,7
7660,5
7661,7
7662,5
7663,13
7664,14
7665,21
7666,5
7667,19
7668,6
7669,5
7670,12
7671,11
7672,4
7673,3
7674,3
7675,14
7676,5
7677,6
7678,5
7679,4
7680,16
7681,5
7682,12
7683,20
7684,6
7685,10
7686,14
7687,5
7688,6
7689,7
7690,2
7691,6
7692,4
7693,12
7694,5
7695,7
7696,7
7697,11
7698,5
7699,5
7700,14
7701,9
7702,13
7703,15
7704,15
7705,4
7706,8
7707,6
7708,4
7709,6
7710,14
7711,15
7712,16
7713,9
7714,12
7715,8
7716,5
7717,9
7718,4
7719,10
7720,6
7721,10
7722,11
7723,5
7724,13
7725,10
7726,6
7727,14
7728,7
7729,7
7730,8
7731,17
7732,6
7733,20
7734,6
7735,5
7736,13
7737,8
7738,7
7739,5
7740,10
7741,9
7742,9
7743,5
7744,8
7745,8
7746,7
7747,26
7748,3
7749,10
7750,3
7751,14
7752,11
7753,6
7754,5
7755,7
7756,12
7757,4
7758,13
7759,16
7760,15
7761,13
7762,6
7763,8
7764,12
7765,5
7766,12
7767,4
7768,7
7769,13
7770,7
7771,13
7772,7
7773,12
7774,3
7775,12
7776,3
7777,12
7778,9
7779,3
7780,5
7781,6
7782,5
7783,17
7784,6
7785,17
7786,5
7787,3
7788,25
7789,9
7790,19
7791,6
7792,5
7793,13
7794,5
7795,5
7796,8
7797,7
7798,15
7799,6
7800,3
7801,5
7802,10
7803,7
7804,2
7805,6
7806,16
7807,8
7808,2
7809,22
7810,9
7811,5
7812,12
7813,9
7814,6
7815,6
7816,9
7817,6
7818,8
7819,5
7820,6
7821,8
7822,12
7823,7
7824,6
7825,5
7826,22
7827,8
7828,21
7829,9
7830,7
7831,12
7832,4
7833,6
7834,5
7835,4
7836,5
7837,4
7838,11
7839,14
7840,5
7841,4
7842,17
7843,7
7844,17
7845,6
7846,5
7847,6
7848,15
7849,9
7850,5
7851,3
7852,4
7853,6
7854,10
7855,14
7856,11
7857,4
7858,6
7859,12
7860,4
7861,4
7862,14
7863,5
7864,6
7865,5
7866,12
7867,20
7868,20
7869,13
7870,4
7871,8
7872,10
7873,14
7874,9
7875,6
7876,13
7877,13
7878,7
7879,12
7880,7
7881,8
7882,11
7883,3
7884,17
7885,18
7886,9
7887,7
7888,6
7889,5
7890,9
7891,17
7892,3
7893,6
7894,5
7895,14
7896,10
7897,11
7898,21
7899,7
7900,5
7901,16
7902,8
7903,4
7904,13
7905,5
7906,22
7907,7
7908,3
7909,10
7910,21
7911,6
7912,2
7913,5
7914,12
7915,11
7916,15
7917,19
7918,13
7919,4
7920,12
7921,5
7922,11
7923,7
7924,14
7925,4
7926,6
7927,9
7928,4
7929,3
7930,4
7931,9
7932,21
7933,5
7934,19
7935,5
7936,6
7937,3
7938,13
7939,10
7940,7
7941,8
7942,5
7943,6
7944,7
7945,10
7946,3
7947,8
7948,13
7949,6
7950,6
7951,8
7952,10
7953,12
7954,8
7955,19
7956,4
7957,11
7958,4
7959,9
7960,6
7961,22
7962,6
7963,7
7964,7
7965,6
7966,7
7967,8
7968,6
7969,9
7970,11
7971,5
7972,11
7973,12
7974,7
7975,6
7976,12
7977,4
7978,23
7979,6
7980,4
7981,5
7982,5
7983,16
7984,18
7985,5
7986,19
7987,14
7988,4
7989,11
7990,8
7991,9
7992,17
7993,6
7994,4
7995,12
7996,13
7997,21
7998,19
7999,6
8000,5
8001,6
8002,17
8003,8
8004,9
8005,12
8006,6
8007,8
8008,4
8009,5
8010,5
8011,9
8012,17
8013,6
8014,10
8015,11
8016,5
8017,15
8018,12
8019,3
8020,14
8021,15
8022,14
8023,7
8024,14
8025,14
8026,14
8027,5
8028,13
8029,10
8030,3
8031,5
8032,16
8033,7
8034,14
8035,3
8036,18
8037,10
8038,6
8039,18
8040,8
8041,14
8042,5
8043,6
8044,12
8045,17
8046,16
8047,26
8048,17
8049,14
8050,15
8051,15
8052,7
8053,4
8054,17
8055,3
8056,17
8057,12
8058,14
8059,7
8060,18
8061,8
8062,3
8063,6
8064,17
8065,3
8066,9
8067,16
8068,4
8069,16
8070,6
8071,5
8072,17
8073,6
8074,18
8075,8
8076,10
8077,8
8078,19
8079,7
8080,16
8081,13
8082,3
8083,4
8084,5
8085,15
8086,14
8087,9
8088,6
8089,8
8090,14
8091,14
8092,7
8093,5
8094,13
8095,5
8096,18
8097,10
8098,5
8099,24
8100,11
8101,4
8102,4
8103,15
8104,14
8105,5
8106,14
8107,16
8108,7
8109,5
8110,8
8111,6
8112,4
8113,2
8114,7
8115,16
8116,16
8117,13
8118,5
8119,20
8120,10
8121,5
8122,4
8123,18
8124,4
8125,5
8126,15
8127,15
8128,12
8129,9
8130,5
8131,11
8132,13
8133,7
8134,18
8135,10
8136,11
8137,7
8138,12
8139,24
8140,18
8141,21
8142,3
8143,8
8144,4
8145,12
8146,11
8147,13
8148,29
8149,4
8150,6
8151,12
8152,7
8153,14
8154,14
8155,12
8156,8
8157,5
8158,18
8159,5
8160,10
8161,18
8162,3
8163,5
8164,14
8165,5
8166,11
8167,6
8168,5
8169,5
8170,10
8171,8
8172,12
8173,14
8174,6
8175,6
8176,13
8177,7
8178,8
8179,14
8180,16
8181,3
8182,11
8183,5
8184,5
8185,18
8186,14
8187,10
8188,13
8189,19
8190,12
8191,5
8192,6
8193,12
8194,11
8195,17
8196,4
8197,5
8198,3
8199,18
8200,7
8201,7
8202,13
8203,21
8204,6
8205,5
8206,3
8207,7
8208,16
8209,13
8210,16
8211,7
8212,9
8213,3
8214,5
8215,13
8216,11
8217,4
8218,5
8219,17
8220,3
8221,4
8222,11
8223,6
8224,4
8225,8
8226,5
8227,8
8228,11
8229,4
8230,9
8231,8
8232,5
8233,7
8234,6
8235,11
8236,17
8237,12
8238,9
8239,10
8240,3
8241,20
8242,13
8243,17
8244,17
8245,15
8246,7
8247,7
8248,4
8249,11
8250,16
8251,3
8252,11
8253,3
8254,4
8255,17
8256,7
8257,7
8258,16
8259,5
8260,14
8261,6
8262,4
8263,4
8264,9
8265,9
8266,8
8267,9
8268,16
8269,9
8270,12
8271,4
8272,20
8273,9
8274,5
8275,7
8276,10
8277,12
8278,8
8279,7
8280,7
8281,6
8282,13
8283,6
8284,4
8285,18
8286,5
8287,18
8288,14
8289,7
8290,7
8291,24
8292,17
8293,4
8294,14
8295,12
8296,8
8297,9
8298,3
8299,5
8300,3
8301,15
8302,16
8303,18
8304,8
8305,8
8306,15
8307,4
8308,16
8309,7
8310,17
8311,6
8312,4
8313,11
8314,13
8315,5
8316,3
8317,17
8318,6
8319,13
8320,5
8321,13
8322,5
8323,9
8324,21
8325,1
8326,15
8327,15
8328,3
8329,9
8330,12
8331,15
8332,16
8333,5
8334,9
8335,22
8336,14
8337,7
8338,6
8339,4
8340,20
8341,4
8342,4
8343,13
8344,9
8345,8
8346,5
8347,5
8348,5
8349,8
8350,11
8351,16
8352,12
8353,12
8354,4
8355,6
8356,17
8357,7
8358,16
8359,12
8360,16
8361,13
8362,7
8363,17
8364,13
8365,3
8366,5
8367,13
8368,16
8369,13
8370,13
8371,11
8372,5
8373,5
8374,33
8375,4
8376,6
8377,3
8378,5
8379,15
8380,3
8381,6
8382,17
8383,9
8384,17
8385,8
8386,7
8387,9
8388,12
8389,6
8390,8
8391,4
8392,10
8393,6
8394,3
8395,3
8396,17
8397,12
8398,8
8399,6
8400,6
8401,13
8402,7
8403,7
8404,6
8405,8
8406,7
8407,7
8408,9
8409,6
8410,9
8411,15
8412,8
8413,16
8414,7
8415,4
8416,5
8417,4
8418,15
8419,7
8420,3
8421,16
8422,5
8423,4
8424,9
8425,4
8426,22
8427,5
8428,3
8429,14
8430,4
8431,10
8432,22
8433,7
8434,8
8435,4
8436,18
8437,3
8438,23
8439,11
8440,5
8441,7
8442,48
8443,6
8444,5
8445,13
8446,11
8447,14
8448,5
8449,10
8450,4
8451,9
8452,5
8453,5
8454,13
8455,7
8456,25
8457,27
8458,5
8459,5
8460,9
8461,9
8462,5
8463,5
8464,3
8465,6
8466,7
8467,2
8468,4
8469,4
8470,4
8471,5
8472,6
8473,23
8474,26
8475,4
8476,5
8477,21
8478,8
8479,8
8480,6
8481,16
8482,16
8483,5
8484,16
8485,6
8486,16
8487,4
8488,4
8489,4
8490,5
8491,10
8492,3
8493,8
8494,17
8495,13
8496,10
8497,7
8498,17
8499,7
8500,7
8501,8
8502,3
8503,17
8504,31
8505,22
8506,17
8507,7
8508,5
8509,12
8510,4
8511,5
8512,14
8513,8
8514,15
8515,7
8516,5
8517,5
8518,6
8519,7
8520,6
8521,2
8522,9
8523,9
8524,12
8525,6
8526,4
8527,6
8528,6
8529,15
8530,5
8531,6
8532,4
8533,4
8534,10
8535,11
8536,6
8537,10
8538,6
8539,24
8540,10
8541,10
8542,9
8543,4
8544,5
8545,13
8546,7
8547,4
8548,4
8549,7
8550,9
8551,5
8552,11
8553,6
8554,24
8555,18
8556,7
8557,4
8558,5
8559,5
8560,7
8561,6
8562,7
8563,15
8564,20
8565,12
8566,25
8567,3
8568,25
8569,4
8570,11
8571,5
8572,4
8573,3
8574,10
8575,14
8576,4
8577,3
8578,6
8579,4
8580,5
8581,7
8582,5
8583,6
8584,5
8585,6
8586,5
8587,8
8588,6
8589,4
8590,4
8591,10
8592,5
8593,4
8594,6
8595,5
8596,5
8597,5
8598,8
8599,5
8600,3
8601,6
8602,3
8603,5
8604,4
8605,9
8606,6
8607,8
8608,7
8609,4
8610,4
8611,3
8612,3
8613,26
8614,11
8615,10
8616,3
8617,3
8618,3
8619,5
8620,8
8621,6
8622,5
8623,21
8624,15
8625,9
8626,2
8627,31
8628,4
8629,5
8630,9
8631,3
8632,7
8633,4
8634,8
8635,11
8636,3
8637,6
8638,6
8639,4
8640,6
8641,8
8642,7
8643,2
8644,4
8645,7
8646,8
8647,8
8648,7
8649,3
8650,15
8651,20
8652,15
8653,28
8654,7
8655,31
8656,7
8657,9
8658,4
8659,14
8660,12
8661,3
8662,3
8663,14
8664,5
8665,9
8666,8
8667,9
8668,11
8669,6
8670,8
8671,8
8672,8
8673,4
8674,17
8675,5
8676,4
8677,14
8678,6
8679,6
8680,9
8681,11
8682,7
8683,4
8684,9
8685,23
8686,9
8687,23
8688,6
8689,8
8690,7
8691,5
8692,6
8693,11
8694,12
8695,11
8696,17
8697,13
8698,4
8699,5
8700,4
8701,15
8702,4
8703,7
8704,7
8705,16
8706,4
8707,7
8708,7
8709,7
8710,15
8711,6
8712,9
8713,4
8714,7
8715,3
8716,15
8717,9
8718,4
8719,5
8720,4
8721,6
8722,20
8723,3
8724,4
8725,11
8726,9
8727,8
8728,5
8729,18
8730,6
8731,60
8732,4
8733,3
8734,7
8735,15
8736,14
8737,4
8738,9
8739,4
8740,5
8741,6
8742,24
8743,4
8744,11
8745,5
8746,11
8747,23
8748,9
8749,4
8750,5
8751,6
8752,4
8753,3
8754,6
8755,7
8756,4
8757,5
8758,8
8759,10
8760,4
8761,6
8762,4
8763,4
8764,4
8765,9
8766,8
8767,5
8768,9
8769,17
8770,8
8771,4
8772,4
8773,9
8774,7
8775,16
8776,9
8777,3
8778,8
8779,17
8780,3
8781,9
8782,9
8783,6
8784,12
8785,9
8786,7
8787,9
8788,10
8789,6
8790,3
8791,16
8792,8
8793,5
8794,12
8795,8
8796,13
8797,9
8798,5
8799,6
8800,7
8801,5
8802,5
8803,1
8804,24
8805,5
8806,6
8807,3
8808,10
8809,7
8810,13
8811,13
8812,21
8813,19
8814,46
8815,27
8816,7
8817,21
8818,4
8819,18
8820,7
8821,7
8822,4
8823,3
8824,6
8825,7
8826,5
8827,5
8828,4
8829,13
8830,6
8831,12
8832,6
8833,3
8834,6
8835,8
8836,3
8837,3
8838,9
8839,5
8840,6
8841,7
8842,6
8843,6
8844,5
8845,13
8846,31
8847,6
8848,8
8849,4
8850,5
8851,11
8852,9
8853,5
8854,6
8855,7
8856,4
8857,6
8858,4
8859,14
8860,3
8861,5
8862,13
8863,7
8864,4
8865,15
8866,6
8867,4
8868,6
8869,9
8870,5
8871,10
8872,3
8873,3
8874,4
8875,3
8876,4
8877,4
8878,9
8879,4
8880,6
8881,4
8882,12
8883,16
8884,11
8885,4
8886,13
8887,10
8888,5
8889,14
8890,5
8891,7
8892,5
8893,6
8894,8
8895,3
8896,14
8897,3
8898,8
8899,10
8900,8
8901,9
8902,3
8903,4
8904,13
8905,7
8906,3
8907,7
8908,3
8909,28
8910,8
8911,7
8912,4
8913,4
8914,28
8915,5
8916,3
8917,9
8918,8
8919,4
8920,4
8921,13
8922,12
8923,6
8924,6
8925,5
8926,8
8927,6
8928,2
8929,3
8930,5
8931,5
8932,5
8933,4
8934,8
8935,8
8936,2
8937,14
8938,14
8939,2
8940,9
8941,4
8942,10
8943,5
8944,4
8945,8
8946,8
8947,4
8948,6
8949,5
8950,4
8951,5
8952,5
8953,5
8954,7
8955,9
8956,7
8957,2
8958,5
8959,15
8960,6
8961,4
8962,2
8963,13
8964,5
8965,8
8966,3
8967,20
8968,4
8969,6
8970,3
8971,7
8972,12
8973,6
8974,6
8975,5
8976,14
8977,9
8978,7
8979,12
8980,3
8981,7
8982,6
8983,8
8984,5
8985,13
8986,10
8987,19
8988,6
8989,11
8990,7
8991,4
8992,6
8993,5
8994,9
8995,4
8996,4
8997,2
8998,6
8999,8
9000,3
9001,5
9002,1
9003,4
9004,3
9005,4
9006,7
9007,13
9008,4
9009,5
9010,7
9011,8
9012,9
9013,4
9014,14
9015,18
9016,2
9017,8
9018,2
9019,3
9020,2
9021,5
9022,4
9023,4
9024,4
9025,5
9026,5
9027,14
9028,5
9029,16
9030,6
9031,4
9032,5
9033,9
9034,6
9035,14
9036,3
9037,4
9038,8
9039,8
9040,16
9041,7
9042,15
9043,3
9044,4
9045,8
9046,7
9047,6
9048,3
9049,4
9050,15
9051,9
9052,5
9053,12
9054,7
9055,2
9056,3
9057,4
9058,7
9059,3
9060,7
9061,2
9062,20
9063,8
9064,14
9065,3
9066,18
9067,7
9068,6
9069,20
9070,4
9071,8
9072,4
9073,9
9074,11
9075,11
9076,8
9077,7
9078,4
9079,5
9080,5
9081,3
9082,7
9083,2
9084,18
9085,18
9086,15
9087,5
9088,6
9089,18
9090,3
9091,7
9092,7
9093,3
9094,5
9095,15
9096,13
9097,3
9098,3
9099,7
9100,18
9101,10
9102,4
9103,6
9104,17
9105,8
9106,4
9107,7
9108,13
9109,8
9110,4
9111,6
9112,3
9113,6
9114,3
9115,7
9116,1
9117,5
9118,3
9119,9
9120,5
9121,5
9122,6
9123,5
9124,10
9125,12
9126,9
9127,8
9128,10
9129,21
9130,16
9131,5
9132,9
9133,6
9134,5
9135,8
9136,5
9137,4
9138,11
9139,8
9140,4
9141,12
9142,9
9143,8
9144,6
9145,9
9146,2
9147,7
9148,14
9149,9
9150,7
9151,6
9152,7
9153,4
9154,5
9155,7
9156,9
9157,34
9158,23
9159,8
9160,8
9161,6
9162,7
9163,5
9164,8
9165,8
9166,12
9167,5
9168,8
9169,2
9170,10
9171,6
9172,10
9173,5
9174,3
9175,8
9176,11
9177,5
9178,28
9179,8
9180,6
9181,5
9182,12
9183,32
9184,3
9185,3
9186,4
9187,13
9188,6
9189,11
9190,7
9191,7
9192,6
9193,7
9194,14
9195,2
9196,6
9197,6
9198,3
9199,3
9200,4
9201,7
9202,5
9203,4
9204,10
9205,16
9206,6
9207,8
9208,3
9209,4
9210,4
9211,10
9212,5
9213,9
9214,5
9215,8
9216,4
9217,8
9218,4
9219,4
9220,6
9221,4
9222,21
9223,4
9224,5
9225,10
9226,6
9227,4
9228,13
9229,2
9230,9
9231,2
9232,4
9233,10
9234,4
9235,8
9236,19
9237,7
9238,5
9239,7
9240,6
9241,4
9242,4
9243,5
9244,5
9245,5
9246,5
9247,3
9248,6
9249,7
9250,3
9251,8
9252,5
9253,28
9254,6
9255,4
9256,5
9257,4
9258,9
9259,4
9260,7
9261,10
9262,7
9263,12
9264,6
9265,4
9266,3
9267,7
9268,13
9269,9
9270,9
9271,4
9272,9
9273,5
9274,4
9275,5
9276,4
9277,9
9278,6
9279,3
9280,12
9281,6
9282,5
9283,3
9284,3
9285,4
9286,6
9287,11
9288,4
9289,21
9290,3
9291,5
9292,8
9293,10
9294,17
9295,18
9296,13
9297,22
9298,17
9299,8
9300,4
9301,5
9302,8
9303,15
9304,6
9305,6
9306,7
9307,4
9308,7
9309,5
9310,14
9311,5
9312,5
9313,5
9314,2
9315,7
9316,8
9317,7
9318,9
9319,3
9320,4
9321,4
9322,3
9323,4
9324,9
9325,4
9326,5
9327,32
9328,7
9329,7
9330,8
9331,3
9332,4
9333,4
9334,12
9335,8
9336,5
9337,20
9338,6
9339,8
9340,11
9341,13
9342,10
9343,5
9344,8
9345,6
9346,5
9347,2
9348,5
9349,4
9350,20
9351,7
9352,7
9353,3
9354,10
9355,8
9356,3
9357,10
9358,5
9359,3
9360,14
9361,6
9362,6
9363,8
9364,10
9365,10
9366,3
9367,5
9368,11
9369,11
9370,22
9371,7
9372,4
9373,16
9374,5
9375,6
9376,11
9377,4
9378,3
9379,2
9380,5
9381,22
9382,5
9383,10
9384,3
9385,15
9386,4
9387,24
9388,7
9389,7
9390,9
9391,8
9392,16
9393,9
9394,5
9395,27
9396,5
9397,12
9398,3
9399,15
9400,5
9401,12
9402,4
9403,6
9404,15
9405,9
9406,6
9407,10
9408,11
9409,17
9410,14
9411,10
9412,16
9413,8
9414,5
9415,4
9416,8
9417,4
9418,3
9419,13
9420,29
9421,8
9422,8
9423,11
9424,4
9425,6
9426,9
9427,26
9428,20
9429,11
9430,8
9431,10
9432,1
9433,15
9434,12
9435,6
9436,5
9437,3
9438,3
9439,10
9440,12
9441,18
9442,20
9443,3
9444,2
9445,4
9446,2
9447,9
9448,6
9449,5
9450,4
9451,5
9452,8
9453,6
9454,3
9455,4
9456,5
9457,13
9458,17
9459,9
9460,4
9461,4
9462,11
9463,6
9464,6
9465,5
9466,15
9467,3
9468,8
9469,6
9470,17
9471,10
9472,5
9473,4
9474,14
9475,4
9476,12
9477,10
9478,6
9479,3
9480,4
9481,3
9482,9
9483,12
9484,3
9485,5
9486,12
9487,19
9488,10
9489,10
9490,7
9491,17
9492,2
9493,17
9494,22
9495,4
9496,9
9497,7
9498,15
9499,6
9500,23
9501,6
9502,3
9503,6
9504,11
9505,12
9506,20
9507,7
9508,4
9509,6
9510,13
9511,7
9512,3
9513,16
9514,9
9515,5
9516,17
9517,8
9518,4
9519,5
9520,4
9521,2
9522,2
9523,11
9524,6
9525,5
9526,10
9527,7
9528,9
9529,28
9530,3
9531,7
9532,9
9533,5
9534,9
9535,7
9536,5
9537,11
9538,7
9539,5
9540,26
9541,18
9542,6
9543,6
9544,5
9545,5
9546,3
9547,6
9548,10
9549,10
9550,3
9551,11
9552,8
9553,8
9554,5
9555,16
9556,4
9557,5
9558,8
9559,8
9560,3
9561,4
9562,7
9563,7
9564,7
9565,8
9566,2
9567,9
9568,12
9569,5
9570,7
9571,3
9572,8
9573,4
9574,24
9575,11
9576,2
9577,16
9578,4
9579,6
9580,7
9581,6
9582,7
9583,13
9584,4
9585,11
9586,11
9587,9
9588,9
9589,8
9590,6
9591,4
9592,4
9593,16
9594,12
9595,4
9596,3
9597,25
9598,7
9599,2
9600,4
9601,4
9602,10
9603,6
9604,7
9605,7
9606,9
9607,4
9608,4
9609,8
9610,8
9611,23
9612,9
9613,8
9614,6
9615,9
9616,8
9617,2
9618,4
9619,14
9620,17
9621,5
9622,7
9623,8
9624,4
9625,8
9626,6
9627,3
9628,8
9629,3
9630,4
9631,6
9632,6
9633,6
9634,8
9635,8
9636,8
9637,8
9638,6
9639,4
9640,3
9641,4
9642,8
9643,9
9644,6
9645,12
9646,9
9647,5
9648,4
9649,8
9650,19
9651,4
9652,4
9653,5
9654,8
9655,23
9656,23
9657,5
9658,12
9659,10
9660,7
9661,18
9662,5
9663,5
9664,8
9665,9
9666,20
9667,18
9668,6
9669,10
9670,14
9671,5
9672,17
9673,6
9674,7
9675,6
9676,5
9677,4
9678,7
9679,9
9680,29
9681,6
9682,12
9683,6
9684,6
9685,8
9686,8
9687,5
9688,11
9689,26
9690,10
9691,6
9692,9
9693,8
9694,8
9695,12
9696,5
9697,8
9698,9
9699,11
9700,14
9701,16
9702,7
9703,12
9704,10
9705,4
9706,7
9707,10
9708,6
9709,4
9710,3
9711,4
9712,4
9713,23
9714,7
9715,8
9716,6
9717,6
9718,6
9719,3
9720,8
9721,4
9722,4
9723,10
9724,3
9725,18
9726,6
9727,14
9728,61
9729,7
9730,6
9731,4
9732,7
9733,5
9734,15
9735,10
9736,6
9737,13
9738,3
9739,6
9740,12
9741,11
9742,10
9743,4
9744,10
9745,27
9746,7
9747,13
9748,8
9749,5
9750,6
9751,30
9752,6
9753,12
9754,7
9755,9
9756,3
9757,7
9758,6
9759,10
9760,9
9761,14
9762,7
9763,14
9764,5
9765,5
9766,10
9767,10
9768,6
9769,24
9770,14
9771,17
9772,5
9773,6
9774,15
9775,7
9776,17
9777,16
9778,14
9779,4
9780,4
9781,9
9782,5
9783,3
9784,3
9785,3
9786,4
9787,3
9788,6
9789,7
9790,16
9791,27
9792,9
9793,15
9794,8
9795,16
9796,10
9797,37
9798,5
9799,14
9800,7
9801,4
9802,4
9803,5
9804,7
9805,4
9806,5
9807,13
9808,4
9809,6
9810,6
9811,10
9812,5
9813,13
9814,8
9815,9
9816,9
9817,8
9818,11
9819,6
9820,16
10442,14
10444,11
10445,40
10446,8
10447,20
10448,7
10450,10
10455,9
10457,5
10458,11
10460,5
10461,32
10462,6
10463,6
10464,33
10465,15
10467,8
10470,8
10471,4
10473,17
10474,23
10477,20
10479,11
10480,5
10481,8
10482,25
10485,10
10486,72
10487,6
10489,11
10490,12
10491,5
10492,8
10493,8
10494,14
10496,13
10497,24
10498,6
10499,7
10500,12
10503,7
10504,6
10505,33
10507,6
10508,4
10510,7
10511,9
10513,5
10515,11
10519,11
10525,6
10527,7
10531,6
10532,18
10533,12
10534,21
10536,6
10537,11
10538,10
10539,9
10540,42
10541,29
10542,11
10545,7
10546,18
10548,15
10550,14
10551,6
10552,8
10554,6
10555,34
10558,23
10559,9
10560,18
10562,17
10563,10
10564,7
10565,6
10568,6
10571,5
10572,8
10573,5
10574,3
10575,19
10576,18
10577,7
10578,7
10579,7
10580,28
10582,55
10583,11
10584,4
10585,32
10586,19
10588,8
10589,12
10590,17
10591,9
10592,7
10595,12
10597,6
10598,6
10599,44
10600,21
10601,9
10603,29
10604,28
10605,7
10606,12
10610,8
10612,12
10613,7
10614,15
10615,18
10616,7
10617,5
10618,12
10619,6
10621,6
10622,38
10623,8
10625,7
10627,7
10632,10
10633,9
10634,34
10635,5
10637,4
10638,25
10639,11
10640,11
10643,8
10646,9
10648,9
10649,32
10652,4
10655,17
10656,24
10658,13
10659,7
10660,13
10662,14
10663,12
10665,6
10666,12
10667,20
10671,77
10673,68
10674,11
10675,9
10677,7
10678,13
10679,35
10680,9
10681,12
10682,7
10684,9
10685,15
10687,5
10688,45
10691,6
10693,10
10694,11
10695,14
10696,8
10698,14
10699,23
10700,3
10701,15
10702,7
10704,12
10706,14
10707,27
10708,8
10709,10
10710,18
10712,14
10714,11
10715,15
10716,7
10717,11
10718,11
10720,12
10722,18
10725,6
10726,12
10728,14
10730,5
10731,11
10732,11
10736,11
10737,11
10738,20
10739,19
10741,15
10742,10
10744,7
10745,8
10746,4
10748,9
10749,6
10751,11
10752,17
10754,16
10756,6
10757,11
10758,8
10762,37
10764,8
10765,15
10766,8
10768,9
10769,16
10771,23
10772,6
10773,11
10774,5
10776,18
10777,7
10778,14
10779,11
10780,32
10782,6
10784,12
10785,12
10788,8
10789,19
10790,25
10791,5
10792,19
10794,10
10795,6
10797,17
10799,10
10800,26
10801,9
10802,22
10803,7
10804,46
10805,9
10806,7
10809,6
10810,8
10811,4
10813,17
10819,6
10820,40
10821,13
10822,18
10823,15
10826,4
10827,5
10828,10
10829,9
10830,14
10831,11
10834,4
10836,30
10837,27
10841,10
10842,7
10843,37
10844,8
10846,7
10847,11
10850,11
10852,5
10857,7
10858,8
10859,5
10860,30
10861,14
10862,13
10863,15
10865,5
10866,16
10868,9
10869,8
10870,36
10871,13
10873,9
10875,20
10877,5
10879,29
10881,8
10882,6
10886,6
10887,9
10888,6
10890,5
10892,10
10893,7
10895,5
10896,6
10897,5
10898,8
10900,12
10901,12
10902,9
10903,16
10904,17
10905,15
10910,13
10913,7
10917,17
10922,27
10923,15
10924,11
10926,9
10928,7
10930,30
10931,4
10932,11
10933,12
10934,4
10937,12
10939,8
10940,9
10941,6
10943,6
10945,15
10946,8
10947,7
10948,16
10949,29
10950,6
10951,8
10952,6
10953,6
10954,13
10955,9
10956,10
10957,9
10958,5
10959,11
10960,15
10961,6
10962,11
10963,8
10964,5
10965,15
10966,12
10967,8
10968,21
10969,13
10970,21
10971,14
10972,11
10973,17
10974,11
10975,4
10976,3
10977,10
10978,26
10979,10
10980,7
10981,12
10982,27
10983,15
10984,8
10985,7
10986,5
10987,8
10988,4
10991,10
10992,6
10994,47
10995,7
10996,6
10997,18
10998,31
10999,7
11003,8
11005,14
11006,3
11007,20
11008,4
11012,7
11013,6
11014,6
11015,7
11016,7
11017,9
11018,10
11019,16
11020,40
11023,25
11026,8
11027,6
11029,10
11030,35
11031,5
11033,9
11034,18
11035,10
11036,29
11037,18
11038,6
11039,8
11040,8
11041,6
11042,6
11043,14
11044,15
11045,5
11046,14
11048,9
11049,18
11050,10
11051,17
11053,25
11055,22
11059,10
11062,29
11063,14
11064,17
11065,25
11066,7
11067,6
11069,6
11070,25
11072,4
11077,24
11078,7
11079,18
11080,4
11082,17
11083,7
11084,15
11086,6
11088,32
11089,44
11091,9
11095,20
11097,78
11098,21
11100,20
11101,8
11102,8
11103,8
11105,13
11107,9
11108,9
11111,11
11112,9
11113,6
11114,13
11115,9
11116,20
11117,28
11118,9
11120,8
11121,24
11123,9
11125,29
11126,14
11127,11
11128,24
11132,10
11133,9
11134,13
11135,9
11136,9
11137,7
11138,13
11139,5
11141,7
11142,40
11143,5
11144,6
11145,7
11146,7
11147,20
11149,13
11150,9
11152,19
11153,4
11154,12
11155,12
11156,7
11157,6
11158,45
11159,5
11160,11
11161,6
11162,14
11165,15
11166,20
11167,25
11169,10
11170,16
11171,9
11172,9
11173,9
11174,6
11175,9
11176,15
11177,10
11178,15
11179,18
11180,18
11181,21
11182,5
11183,8
11184,10
11185,15
11186,11
11187,29
11193,12
11194,17
11197,22
11198,5
11199,8
11202,8
11203,11
11204,21
11205,7
11207,8
11208,12
11209,7
11212,5
11213,6
11214,6
11216,8
11217,11
11218,13
11220,13
11221,5
11222,12
11224,18
11225,9
11226,14
11228,28
11229,22
11230,22
11232,14
11233,9
11234,6
11235,10
11238,22
11239,21
11243,8
11245,15
11246,13
11247,18
11248,14
11249,58
11250,9
11251,5
11254,10
11255,12
11256,24
11259,8
11260,23
11263,14
11264,8
11265,13
11266,8
11267,9
11268,36
11269,3
11270,38
11271,20
11272,9
11273,12
11275,30
11276,8
11277,5
11278,13
11279,31
11283,13
11284,25
11288,7
11289,15
11292,8
11295,8
11297,7
11298,6
11299,9
11300,5
11303,28
11304,16
11958,19
11959,9
11960,11
11961,9
11962,19
11963,15
11964,27
11965,13
11966,10
11967,13
11968,7
11969,17
11970,20
11971,17
11972,16
11973,22
11974,10
11975,19
11976,18
11977,16
11978,26
11979,27
11980,26
11981,22
11982,24
11983,16
11984,22
11985,21
11986,20
11987,9
11988,21
11989,19
11990,57
11991,49
11992,31
11993,55
11994,16
11995,11
11996,5
11997,5
11998,36
11999,33
12000,6
12001,6
12002,5
12003,7
12004,1
12005,26
12006,21
12007,21
12008,19
12009,33
12010,28
12011,36
12012,28
12013,18
12014,33
12015,46
12016,20
12017,24
12018,25
12019,18
12020,5
12021,5
12022,13
12023,19
12024,19
12025,28
12026,8
12027,12
12028,12
12029,12
12030,14
12031,11
12032,2
12033,4
12034,29
12035,3
12036,25
12037,26
12038,8
12039,7
12040,7
12041,6
12042,6
12043,9
12044,10
12045,21
12046,20
12047,17
12048,16
12049,23
12050,31
12051,15
12052,4
12053,28
12054,12
12055,19
12056,11
12057,17
12058,14
12059,22
12060,28
12061,26
12062,43
12063,7
12064,34
12065,8
12066,20
12067,4
12068,26
12069,12
12070,18
12071,26
12072,0
12073,5
12074,8
12075,6
12076,8
12077,3
12078,9
12079,10
12080,5
12081,6
12082,14
12083,15
12084,33
12085,8
12086,11
12087,15
12088,9
12089,4
12090,8
12091,8
12092,7
12093,7
12094,6
12095,9
12096,9
12097,20
12098,26
12099,14
12100,13
12101,1
12102,9
12103,15
12104,16
12105,19
12106,6
12107,23
12108,17
12109,24
12110,7
12111,5
12112,9
12113,16
12114,5
12115,5
12116,11
12117,31
12118,2
12119,4
12120,8
12121,8
12122,9
12123,8
12124,8
12125,17
12126,13
12127,9
12128,8
12129,13
12130,23
12131,26
12132,34
12133,14
12134,25
12135,22
12136,27
12137,27
12138,23
12139,6
12140,6
12141,7
12142,7
12143,5
12144,19
12145,19
12146,8
12147,10
12148,5
12149,23
12150,18
12151,13
12152,4
12153,11
12154,8
12155,13
12156,4
12157,7
12158,7
12159,5
12160,30
12161,30
12162,23
12163,20
12164,12
12165,4
12166,4
12167,6
12168,29
12169,22
12170,29
12171,29
12172,22
12173,9
12174,15
12175,5
12176,26
12177,9
12178,16
12179,22
12180,10
12181,17
12182,6
12183,5
12184,7
12185,6
12186,6
12187,10
12866,17
